Station Map ID,USGS Station Name,USGS Station Number,Date,Time,Sample Type,Silver Unfiltered (micrograms/L),Aluminum Unfiltered (micrograms/L),Arsenic Unfiltered (micrograms/L),Boron Unfiltered (micrograms/L),Barium Unfiltered (micrograms/L),Beryllium Unfiltered (micrograms/L),Bismuth Unfiltered (micrograms/L),Calcium Unfiltered (mg/L),Cadmium Unfiltered (micrograms/L),Cerium Unfiltered (micrograms/L),Cobalt Unfiltered (micrograms/L),Chromium Unfiltered (micrograms/L),Cesium Unfiltered (micrograms/L),Copper Unfiltered (micrograms/L),Dysprosium Unfiltered (micrograms/L),Erbium Unfiltered (micrograms/L),Europium Unfiltered (micrograms/L),Iron Unfiltered (micrograms/L),Gadolinium Unfiltered (micrograms/L),Holmium Unfiltered (micrograms/L),Potassium Unfiltered (mg/L),Lanthanum Unfiltered (micrograms/L),Lithium Unfiltered (micrograms/L),Lutetium Unfiltered (micrograms/L),Magnesium Unfiltered (mg/L),Manganese Unfiltered (micrograms/L),Molybdenum Unfiltered (micrograms/L),Sodium Unfiltered (mg/L),Neodymium Unfiltered (micrograms/L),Nickel Unfiltered (micrograms/L),Lead Unfiltered (micrograms/L),Praesodymium Unfiltered (micrograms/L),Rubidium Unfiltered (micrograms/L),Rhenium Unfiltered (micrograms/L),Sulfur Unfiltered (mg/L),Antimony Unfiltered (micrograms/L),Scandium Unfiltered (micrograms/L),Selenium Unfiltered (micrograms/L),Silica Unfiltered (mg/L as SiO2),Samarium Unfiltered (micrograms/L),Tin Unfiltered (micrograms/L),Strontium Unfiltered (micrograms/L),Tantalum Unfiltered (micrograms/L),Terbium Unfiltered (micrograms/L),Tellurium Unfiltered (micrograms/L),Thorium Unfiltered (micrograms/L),Titanium Unfiltered (micrograms/L),Thallium Unfiltered (micrograms/L),Thulium Unfiltered (micrograms/L),Uranium Unfiltered (micrograms/L),Vanadium Unfiltered (micrograms/L),Tungsten Unfiltered (micrograms/L),Yttrium Unfiltered (micrograms/L),Ytterbium Unfiltered (micrograms/L),Zinc Unfiltered (micrograms/L),Zirconium Unfiltered (micrograms/L)
AR-10,AMERICAN R A FAIR OAKS CA,11446500,6/23/2003,11:30,Environmental,ND,18,< 50 ,< 5 ,11,< 0.05 ,< 0.01 ,5.3,0.029,0.043,0.018,< 2 ,< 0.04 ,0.55,0.008,< 0.005 ,0.0028,38,0.008,0.0015,0.57,0.033,0.94,< 0.0008 ,1.9,12,< 0.4 ,2.6,0.026,0.58,0.044,0.008,0.87,< 0.002 ,1,< 0.09 ,ND,< 0.7 ,10,< 0.01 ,ND,39,ND,< 0.001 ,< 0.05 ,< 0.004 ,ND,< 0.02 ,< 0.0008 ,0.061,< 3 ,< 0.01 ,0.036,0.003,1.8,0.006
AR-10,AMERICAN R A FAIR OAKS CA,11446500,6/23/2003,11:31,Laboratory Replicate,ND,18,< 50 ,< 5 ,11,< 0.05 ,< 0.01 ,4.9,< 0.02 ,0.039,< 0.02 ,< 2 ,< 0.04 ,0.61,0.005,< 0.005 ,< 0.002 ,31,0.006,0.0009,0.66,0.03,1,< 0.0008 ,1.8,12,< 0.4 ,2.6,0.031,0.74,0.029,0.007,0.91,< 0.002 ,0.9,< 0.09 ,ND,< 0.7 ,10,< 0.01 ,ND,39,ND,< 0.001 ,< 0.05 ,< 0.004 ,ND,< 0.02 ,0.0009,0.062,< 3 ,0.01,0.041,0.005,2,0.013
AR-10,AMERICAN R A FAIR OAKS CA,11446500,6/23/2003,14:20,Environmental,ND,14,< 50 ,< 5 ,11,< 0.05 ,< 0.01 ,4.8,0.044,0.036,< 0.02 ,< 2 ,< 0.04 ,0.65,0.005,0.005,< 0.002 ,28,< 0.006 ,0.0011,0.6,0.027,0.86,0.0013,1.7,5,< 0.4 ,2.4,0.035,0.75,< 0.02 ,0.006,0.91,< 0.002 ,0.9,< 0.09 ,ND,< 0.7 ,10,< 0.01 ,ND,37,ND,0.0015,< 0.05 ,< 0.004 ,ND,< 0.02 ,0.0019,0.063,< 3 ,0.014,0.038,0.003,3.2,0.018
AR-10,AMERICAN R A FAIR OAKS CA,11446500,6/23/2003,14:21,Laboratory Replicate,ND,14,< 50 ,< 5 ,11,< 0.05 ,< 0.01 ,4.8,< 0.02 ,0.033,< 0.02 ,< 2 ,< 0.04 ,0.49,0.004,< 0.005 ,< 0.002 ,16,0.006,0.0013,0.53,0.023,0.95,< 0.0008 ,1.8,4.8,< 0.4 ,2.4,0.031,0.56,< 0.02 ,0.006,0.93,< 0.002 ,0.8,< 0.09 ,ND,< 0.7 ,10,< 0.01 ,ND,38,ND,< 0.001 ,< 0.05 ,< 0.004 ,ND,< 0.02 ,< 0.0008 ,0.064,< 3 ,< 0.01 ,0.037,0.005,1.9,0.012
AR-11,ALDER C POND A HWY 50 A NIMBUS CA,3.83809E+14,6/18/2003,16:40,Environmental,ND,59,< 50 ,37,66,< 0.05 ,< 0.01 ,22,0.053,0.14,0.16,< 2 ,< 0.04 ,1.6,0.016,0.013,0.0055,349,0.017,0.0031,1.6,0.064,1.4,0.0039,14,128,0.7,17,0.084,0.94,0.19,0.019,0.86,0.005,3.7,0.13,ND,< 0.7 ,29,0.02,ND,187,ND,0.0029,< 0.05 ,< 0.004 ,ND,< 0.02 ,0.0028,0.17,< 3 ,0.016,0.091,0.017,4.2,0.038
AR-11,ALDER C POND A HWY 50 A NIMBUS CA,3.83809E+14,6/18/2003,16:41,Laboratory Replicate,ND,56,54,33,66,< 0.05 ,< 0.01 ,21,0.13,0.11,0.15,< 2 ,< 0.04 ,1.5,0.01,0.013,0.0042,324,0.013,0.0014,1.6,0.044,1.4,0.0021,14,126,1.1,17,0.048,0.89,0.15,0.012,0.79,0.002,3.6,0.28,ND,< 0.7 ,28,< 0.01 ,ND,190,ND,0.0016,< 0.05 ,< 0.004 ,ND,< 0.02 ,0.0022,0.15,< 3 ,0.016,0.069,0.017,2.7,0.022
AR-11,ALDER C POND A HWY 50 A NIMBUS CA,3.83809E+14,6/18/2003,17:50,Environmental,ND,60,< 50 ,36,58,< 0.05 ,< 0.01 ,20,0.036,0.11,0.18,< 2 ,0.07,1.6,0.009,0.011,0.0056,260,0.009,0.0027,1.7,0.044,1.3,0.0025,14,88,1.3,17,0.054,1,0.17,0.013,0.89,< 0.002 ,3.5,0.1,ND,< 0.7 ,28,< 0.01 ,ND,173,ND,< 0.001 ,< 0.05 ,0.008,ND,< 0.02 ,0.0026,0.2,4,0.027,0.063,0.015,3.7,0.027
AR-11,ALDER C POND A HWY 50 A NIMBUS CA,3.83809E+14,6/18/2003,17:51,Laboratory Replicate,ND,63,< 50 ,34,56,< 0.05 ,< 0.01 ,21,0.086,0.1,0.18,< 2 ,< 0.04 ,1.4,0.01,0.007,0.0031,266,0.012,0.0025,1.7,0.048,1.4,0.0028,15,92,1,17,0.049,0.92,0.13,0.01,0.89,0.002,3.7,< 0.09 ,ND,< 0.7 ,28,< 0.01 ,ND,174,ND,0.0015,< 0.05 ,< 0.004 ,ND,< 0.02 ,0.0025,0.2,3,0.02,0.067,0.013,6.3,0.027
AR-12,ALDER C A PRAIRIE CITY RD NR FOLSOM CA,3.83824E+14,6/19/2003,14:20,Environmental,ND,18,55,32,47,< 0.05 ,0.014,31,0.05,0.046,0.12,< 2 ,< 0.04 ,1.3,0.01,0.01,< 0.002 ,156,0.007,0.0017,0.91,0.023,3.8,0.0043,21,29,0.5,17,0.025,1.5,0.059,0.006,0.55,0.004,5.3,0.14,ND,< 0.7 ,23,< 0.01 ,ND,196,ND,< 0.001 ,< 0.05 ,< 0.004 ,ND,< 0.02 ,0.0015,0.12,< 3 ,0.011,0.035,0.013,2,0.014
AR-12,ALDER C A PRAIRIE CITY RD NR FOLSOM CA,3.83824E+14,6/19/2003,14:21,Laboratory Replicate,ND,19,< 50 ,33,47,< 0.05 ,< 0.01 ,32,0.13,0.04,0.11,< 2 ,< 0.04 ,1.2,0.011,0.006,0.003,154,0.008,0.0012,0.93,0.023,3.7,0.0035,21,30,1,19,0.038,1.2,0.095,0.004,0.56,0.003,5.1,< 0.09 ,ND,< 0.7 ,22,< 0.01 ,ND,197,ND,0.002,< 0.05 ,< 0.004 ,ND,< 0.02 ,0.0022,0.13,< 3 ,0.021,0.038,0.012,2.5,0.015
AR-13,ALDER C A FOLSOM BLVD NR NIMBUS CA,3.83816E+14,6/19/2003,9:40,Environmental,ND,7.5,< 50 ,34,70,< 0.05 ,0.014,26,0.044,0.036,0.069,< 2 ,< 0.04 ,0.88,0.004,< 0.005 ,0.0021,274,0.006,< 0.0007 ,1.1,0.017,1.7,0.0014,17,57,0.91,18,0.022,0.53,0.092,0.003,0.68,< 0.002 ,3.5,< 0.09 ,ND,< 0.7 ,36,< 0.01 ,ND,235,ND,< 0.001 ,< 0.05 ,< 0.004 ,ND,< 0.02 ,< 0.0008 ,0.13,< 3 ,0.013,0.025,0.004,2.1,0.01
AR-13,ALDER C A FOLSOM BLVD NR NIMBUS CA,3.83816E+14,6/19/2003,9:41,Laboratory Replicate,ND,7.9,< 50 ,41,70,< 0.05 ,< 0.01 ,27,0.033,0.049,0.07,< 2 ,< 0.04 ,0.77,0.006,< 0.005 ,< 0.002 ,287,< 0.006 ,0.0022,1.1,0.02,2,< 0.0008 ,17,58,< 0.4 ,19,0.02,0.52,< 0.02 ,0.005,0.67,0.002,3.8,< 0.09 ,ND,< 0.7 ,37,< 0.01 ,ND,230,ND,0.0012,< 0.05 ,< 0.004 ,ND,< 0.02 ,0.0011,0.13,< 3 ,< 0.01 ,0.036,0.005,2,0.018
AR-14,UNNAMED TRIB TO ALDER C NR FOLSOM CA,3.83834E+14,6/20/2003,12:10,Environmental,ND,18,< 50 ,26,29,< 0.05 ,< 0.01 ,35,0.035,0.024,0.15,< 2 ,< 0.04 ,1.5,0.006,0.017,0.0023,90,< 0.006 ,0.002,0.69,0.013,4.2,0.0029,23,22,0.58,18,0.021,1.2,< 0.02 ,0.003,0.39,0.004,6.2,0.13,ND,< 0.7 ,22,< 0.01 ,ND,197,ND,< 0.001 ,< 0.05 ,< 0.004 ,ND,< 0.02 ,0.0015,0.13,< 3 ,0.017,0.036,0.011,2.5,0.013
AR-14,UNNAMED TRIB TO ALDER C NR FOLSOM CA,3.83834E+14,6/20/2003,12:11,Laboratory Replicate,ND,17,< 50 ,25,28,< 0.05 ,< 0.01 ,33,0.037,0.027,0.14,< 2 ,< 0.04 ,1.4,0.004,0.011,< 0.002 ,81,< 0.006 ,0.0034,0.68,0.014,3.9,0.0036,22,22,0.5,18,0.014,1,< 0.02 ,0.002,0.38,0.004,6.2,< 0.09 ,ND,< 0.7 ,23,< 0.01 ,ND,191,ND,< 0.001 ,< 0.05 ,< 0.004 ,ND,< 0.02 ,0.0017,0.15,< 3 ,0.011,0.042,0.015,2.1,0.02
AR-15,WILLOW C .1 MI US LK NATOMA NR FOLSOM CA,3.83859E+14,6/19/2003,11:50,Environmental,ND,57,< 50 ,53,35,< 0.05 ,< 0.01 ,20,0.049,0.11,0.15,< 2 ,< 0.04 ,1.2,0.012,< 0.005 ,0.0035,300,< 0.006 ,0.0028,0.79,0.05,2.7,0.0032,14,50,< 0.4 ,14,0.056,1.3,0.14,0.01,0.56,< 0.002 ,3.7,0.11,ND,< 0.7 ,30,< 0.01 ,ND,143,ND,0.0012,< 0.05 ,< 0.004 ,ND,< 0.02 ,0.0016,0.06,3,0.04,0.054,0.008,4,0.028
AR-15,WILLOW C .1 MI US LK NATOMA NR FOLSOM CA,3.83859E+14,6/19/2003,11:51,Laboratory Replicate,ND,53,< 50 ,56,35,< 0.05 ,< 0.01 ,20,0.063,0.1,0.13,< 2 ,0.05,1.2,0.01,0.008,< 0.002 ,304,0.01,0.0016,0.76,0.047,2.9,0.0016,14,51,< 0.4 ,13,0.052,1.2,0.11,0.014,0.56,0.002,3.6,0.087,ND,< 0.7 ,30,< 0.01 ,ND,144,ND,0.0015,< 0.05 ,< 0.004 ,ND,< 0.02 ,0.001,0.059,5,0.038,0.048,0.009,2.9,0.012
AR-16,WILLOW C A E BIDWELL ST NR FOLSOM CA,3.84006E+14,6/20/2003,10:10,Environmental,ND,16,56,34,25,< 0.05 ,< 0.01 ,23,0.026,0.037,0.1,< 2 ,0.08,1,0.003,0.007,0.004,208,< 0.006 ,0.0016,0.66,0.018,2.4,0.0013,20,15,< 0.4 ,13,0.023,1.2,< 0.02 ,0.005,0.48,0.002,2.8,< 0.09 ,ND,< 0.7 ,23,< 0.01 ,ND,108,ND,0.0013,< 0.05 ,< 0.004 ,ND,< 0.02 ,0.0008,0.031,< 3 ,0.047,0.033,0.005,2.4,0.015
AR-16,WILLOW C A E BIDWELL ST NR FOLSOM CA,3.84006E+14,6/20/2003,10:11,Laboratory Replicate,ND,18,< 50 ,31,28,< 0.05 ,< 0.01 ,23,0.05,0.051,0.11,< 2 ,0.09,0.98,0.008,< 0.005 ,< 0.002 ,215,0.007,0.0011,0.68,0.024,2.2,0.0012,19,16,< 0.4 ,13,0.034,1.1,< 0.02 ,0.006,0.47,0.002,2.8,< 0.09 ,ND,< 0.7 ,23,< 0.01 ,ND,110,ND,0.0015,< 0.05 ,< 0.004 ,ND,< 0.02 ,0.0015,0.037,< 3 ,0.061,0.032,0.007,2,0.013
AR-17,WILLOW C A GOLF LINKS DRIVE NR FOLSOM CA,3.8403E+14,6/20/2003,15:10,Environmental,ND,14,< 50 ,14,14,< 0.05 ,< 0.01 ,21,0.034,0.022,0.12,< 2 ,< 0.04 ,1.5,0.006,0.006,< 0.002 ,79,< 0.006 ,0.0012,0.9,0.009,1.4,0.0009,20,7.6,< 0.4 ,10,0.016,1.4,0.039,0.003,0.53,0.003,4.2,< 0.09 ,ND,< 0.7 ,25,0.011,ND,74,ND,0.0015,< 0.05 ,< 0.004 ,ND,< 0.02 ,0.001,0.026,< 3 ,< 0.01 ,0.033,0.006,3.2,0.013
AR-17,WILLOW C A GOLF LINKS DRIVE NR FOLSOM CA,3.8403E+14,6/20/2003,15:11,Laboratory Replicate,ND,13,< 50 ,13,14,< 0.05 ,< 0.01 ,22,< 0.02 ,0.021,0.12,< 2 ,< 0.04 ,1.5,0.004,< 0.005 ,0.0026,82,< 0.006 ,0.0008,0.84,0.011,1.7,< 0.0008 ,22,7.3,< 0.4 ,10,0.017,1.3,< 0.02 ,0.002,0.5,0.003,4.2,< 0.09 ,ND,< 0.7 ,27,< 0.01 ,ND,73,ND,< 0.001 ,< 0.05 ,< 0.004 ,ND,< 0.02 ,0.0012,0.028,< 3 ,< 0.01 ,0.03,0.005,2.6,0.01
AR-18,WILLOW C A LK NATOMA NR FOLSOM CA,3.83859E+14,6/18/2003,12:30,Environmental,ND,51,< 50 ,15,11,< 0.05 ,0.022,5.3,0.041,0.1,0.15,14,0.07,1.3,0.012,< 0.005 ,< 0.002 ,226,0.012,0.0021,0.69,0.064,0.92,< 0.0008 ,2,55,1.3,2.7,0.069,4.6,0.33,0.016,0.96,< 0.002 ,1,< 0.09 ,ND,< 0.7 ,11,0.012,ND,41,ND,0.0021,< 0.05 ,< 0.004 ,ND,< 0.02 ,0.0016,0.08,< 3 ,0.029,0.06,0.007,5.6,0.024
AR-18,WILLOW C A LK NATOMA NR FOLSOM CA,3.83859E+14,6/18/2003,12:31,Laboratory Replicate,ND,62,50,8,9.7,< 0.05 ,< 0.01 ,5.2,0.026,0.24,0.18,7.5,< 0.04 ,1,0.02,0.006,0.0048,196,0.018,0.0029,0.68,0.11,0.85,0.001,2,53,0.85,2.7,0.12,2.6,0.11,0.027,0.94,< 0.002 ,1,< 0.09 ,ND,< 0.7 ,11,0.033,ND,40,ND,0.0027,< 0.05 ,0.0042,ND,< 0.02 ,0.0013,0.069,< 3 ,0.026,0.087,0.007,3.2,0.025
AR-18,WILLOW C A LK NATOMA NR FOLSOM CA,3.83859E+14,6/18/2003,13:10,Environmental,ND,43,< 50 ,16,16,< 0.05 ,0.013,8.1,0.061,0.096,0.08,< 2 ,< 0.04 ,1.1,0.012,0.008,0.0023,149,0.011,0.0019,0.7,0.044,1.3,0.001,4.4,34,< 0.4 ,5,0.049,1,0.15,0.013,0.86,< 0.002 ,1.4,< 0.09 ,ND,< 0.7 ,15,< 0.01 ,ND,63,ND,0.0016,< 0.05 ,< 0.004 ,ND,< 0.02 ,0.0009,0.072,< 3 ,0.027,0.056,0.005,3.8,0.028
AR-18,WILLOW C A LK NATOMA NR FOLSOM CA,3.83859E+14,6/18/2003,13:11,Laboratory Replicate,ND,43,< 50 ,18,16,< 0.05 ,< 0.01 ,8.3,0.053,0.08,0.067,< 2 ,0.31,0.95,0.006,< 0.005 ,< 0.002 ,137,0.009,0.0028,0.65,0.038,1.8,< 0.0008 ,4.5,35,< 0.4 ,5,0.043,0.76,0.12,0.01,0.82,0.002,1.5,< 0.09 ,ND,< 0.7 ,15,< 0.01 ,ND,62,ND,0.0016,< 0.05 ,< 0.004 ,ND,< 0.02 ,< 0.0008 ,0.058,< 3 ,0.026,0.045,0.007,3.1,0.037
AR-19,WILLOW C A SIBLEY RD NR FOLSOM CA,3.83927E+14,6/19/2003,16:00,Environmental,ND,94,< 50 ,70,31,< 0.05 ,< 0.01 ,20,0.043,0.14,0.15,< 2 ,0.11,1.5,0.009,0.013,0.0022,246,0.007,0.0023,0.86,0.074,4.6,0.0011,14,30,0.61,14,0.07,1.1,0.11,0.016,0.61,0.003,4,< 0.09 ,ND,< 0.7 ,28,< 0.01 ,ND,132,ND,0.0016,< 0.05 ,< 0.004 ,ND,< 0.02 ,0.0021,0.062,5,0.13,0.073,0.011,4.6,0.019
AR-19,WILLOW C A SIBLEY RD NR FOLSOM CA,3.83927E+14,6/19/2003,16:01,Laboratory Replicate,ND,88,< 50 ,67,31,< 0.05 ,< 0.01 ,20,0.057,0.14,0.17,< 2 ,0.11,1.5,0.012,0.01,0.0029,238,0.013,0.0031,0.84,0.063,4,0.0025,14,30,< 0.4 ,14,0.061,1.3,0.087,0.015,0.56,0.003,4,< 0.09 ,ND,< 0.7 ,28,< 0.01 ,ND,129,ND,0.0025,< 0.05 ,< 0.004 ,ND,< 0.02 ,0.002,0.06,5,0.12,0.07,0.011,3.8,0.024
AR-20,HUMBUG C A E BIDWELL ST NR FOLSOM CA,3.8401E+14,6/20/2003,8:50,Environmental,ND,173,< 50 ,91,23,< 0.05 ,< 0.01 ,19,0.04,0.25,0.23,< 2 ,0.24,1.4,0.018,0.006,0.0045,313,0.014,0.0043,0.8,0.1,4.9,0.0027,14,30,< 0.4 ,14,0.1,1.7,0.11,0.026,0.53,< 0.002 ,4.2,< 0.09 ,ND,< 0.7 ,26,0.014,ND,124,ND,0.0034,< 0.05 ,< 0.004 ,ND,< 0.02 ,0.0024,0.045,5,0.13,0.097,0.011,3,0.016
AR-20,HUMBUG C A E BIDWELL ST NR FOLSOM CA,3.8401E+14,6/20/2003,8:51,Laboratory Replicate,ND,180,< 50 ,91,23,< 0.05 ,< 0.01 ,19,0.042,0.24,0.26,< 2 ,0.22,1.4,0.019,0.009,0.0063,334,0.024,0.0032,0.8,0.1,4.5,0.0026,14,33,0.42,14,0.12,1.6,0.12,0.023,0.52,< 0.002 ,4.3,< 0.09 ,ND,< 0.7 ,27,0.025,ND,125,ND,0.0034,< 0.05 ,< 0.004 ,ND,< 0.02 ,0.0019,0.047,5,0.13,0.097,0.018,2.9,0.027
BR-03,BEAR R BL DUTCH FLAT AFTERBAY NR DUTCH FLAT CA,11421790,9/30/1999,13:00,Environmental,ND,2700,< 20,< 9,51,0.12,0.028,5.4,0.057,4.2,4,3.6,< 2,4.4,0.29,0.14,0.11,3000,0.38,0.061,0.7,1.6,0.99,0.018,3.6,590,0.41,2,2,21,2.4,0.57,2.3,< 0.002,1.1,0.13,1.1,< 0.6,19,0.42,11,45,ND,0.051,< 0.02,0.51,ND,0.011,0.023,0.18,11,0.014,1.4,0.13,18,0.22
BR-03,BEAR R BL DUTCH FLAT AFTERBAY NR DUTCH FLAT CA,11421790,9/30/1999,13:01,Laboratory Replicate,ND,2700,< 20,< 9,57,0.06,0.022,5.4,0.039,5,3.7,4.3,< 2,4.3,0.35,0.15,0.095,3000,0.34,0.054,0.69,2,0.91,0.02,3.6,600,0.38,1.9,2.2,21,2.8,0.55,2.2,< 0.002,1,0.083,< 0.9,< 0.6,19,0.4,6.5,40,ND,0.061,< 0.02,0.47,ND,0.01,0.022,0.18,6,0.014,1.3,0.15,17,0.15
BR-03,BEAR R BL DUTCH FLAT AFTERBAY NR DUTCH FLAT CA,11421790,10/1/1999,17:50,Environmental,ND,600,< 20,< 9,30,< 0.03,0.03,5,0.042,1.1,1.6,< 2,< 2,1.5,0.081,0.04,0.029,920,0.12,0.015,0.52,0.56,0.4,0.0055,2.3,360,0.77,1.8,0.53,8.2,1.1,0.14,1.1,< 0.002,1.1,0.064,< 0.9,< 0.6,11,0.11,9.3,35,ND,0.016,< 0.02,0.14,ND,< 0.006,0.0058,0.08,< 4,0.019,0.34,0.04,18,0.13
BR-03,BEAR R BL DUTCH FLAT AFTERBAY NR DUTCH FLAT CA,11421790,10/1/1999,17:51,Laboratory Replicate,ND,750,< 20,11,31,< 0.03,0.043,4.9,0.058,1.6,1.8,< 2,< 2,2.1,0.12,0.05,0.031,1100,0.14,0.021,0.53,0.69,0.49,0.006,2.4,360,0.88,2.2,0.68,9.8,1.3,0.19,1.3,< 0.002,0.9,0.079,< 0.9,< 0.6,12,0.13,16,38,ND,0.02,< 0.02,0.18,ND,< 0.006,0.0065,0.092,< 4,0.024,0.4,0.045,22,0.17
BR-04,BEAR R AB GRVL PLNT AB STEEPHOLLOW C CHICAGO PARK,3.91038E+14,1/26/2000,11:50,Environmental,ND,52,< 20,6,15,< 0.07,0.013,6.1,0.019,0.16,0.15,< 0.4,< 0.2,0.65,0.028,0.018,0.0077,66,0.032,0.0059,0.51,0.12,0.77,0.0016,2.6,4.5,0.29,2,0.16,10,0.052,0.037,0.78,0.003,3,0.046,< 0.3,< 0.2,9.4,0.031,3.7,40,ND,0.0043,< 0.05,0.013,ND,0.003,0.002,0.015,< 2,< 0.008,0.17,0.014,7.4,0.029
BR-04,BEAR R AB GRVL PLNT AB STEEPHOLLOW C CHICAGO PARK,3.91038E+14,1/26/2000,11:51,Laboratory Replicate,ND,54,< 20,5,15,< 0.07,0.004,5.9,0.018,0.15,0.17,< 0.4,< 0.2,0.65,0.023,0.017,0.0082,65,0.028,0.0057,0.49,0.11,0.73,0.0018,2.4,4.1,0.32,1.9,0.15,10,0.046,0.033,0.75,0.002,3,0.049,< 0.3,< 0.2,9.4,0.032,1.6,40,ND,0.0052,< 0.05,0.015,ND,0.004,0.002,0.015,< 2,< 0.008,0.16,0.014,2.8,0.025
BR-06,BEAR R BL WOLF C NR LUCAS HILL CA,3.90107E+14,8/17/2000,12:30,Environmental,ND,35,< 20 ,10,15,< 0.1 ,0.039,9.8,< 0.08 ,0.059,0.058,< 3 ,0.57,2.1,0.006,< 0.008 ,< 0.002 ,56,0.008,< 0.001 ,0.41,0.031,0.38,< 0.001 ,3.8,12,0.53,4.3,0.02,3.2,0.16,0.007,0.76,< 0.003 ,1.4,0.1,ND,< 1 ,9.8,< 0.008 ,ND,46,ND,< 0.002 ,< 0.07 ,0.007,ND,< 0.07 ,0.002,0.03,< 2 ,ND,0.03,0.004,8,0.024
BR-06,BEAR R BL WOLF C NR LUCAS HILL CA,3.90107E+14,8/17/2000,12:31,Laboratory Replicate,ND,35,< 20 ,20,14,< 0.1 ,0.038,9.2,< 0.08 ,0.061,0.038,< 3 ,0.23,2,0.008,< 0.008 ,0.0027,53,0.008,< 0.001 ,0.47,0.029,0.9,< 0.001 ,3.6,12,0.69,4.6,0.03,2,< 0.1 ,0.008,0.79,< 0.003 ,1.3,0.1,ND,< 1 ,9.3,< 0.008 ,ND,50,ND,< 0.002 ,< 0.07 ,0.0053,ND,< 0.07 ,0.002,0.03,2,ND,0.03,0.004,12,0.024
BR-06,BEAR R BL WOLF C NR LUCAS HILL CA,3.90107E+14,9/26/2000,10:30,Environmental,ND,39,< 20 ,< 400 ,9.5,< 0.1 ,0.014,4.3,< 0.08 ,0.057,< 0.03 ,< 3 ,0.1,1.5,0.006,< 0.008 ,< 0.002 ,66,0.006,< 0.001 ,0.36,0.03,0.44,< 0.001 ,1.2,5.2,0.29,1.7,0.02,1.2,< 0.1 ,0.007,0.73,< 0.003 ,0.7,0.08,ND,< 1 ,7.8,< 0.008 ,ND,30,ND,< 0.002 ,< 0.07 ,0.0091,ND,< 0.07 ,< 0.001 ,0.015,< 1 ,ND,0.031,0.004,15,0.024
BR-06,BEAR R BL WOLF C NR LUCAS HILL CA,3.90107E+14,9/26/2000,10:31,Laboratory Replicate,ND,36,< 20 ,< 9 ,9.4,< 0.1 ,0.018,4.8,< 0.08 ,0.054,< 0.03 ,< 3 ,0.1,1.7,0.011,< 0.008 ,0.0027,83,0.009,0.0017,0.4,0.029,0.7,< 0.001 ,1.3,4.9,0.27,1.9,0.03,1.3,< 0.1 ,0.007,0.73,< 0.003 ,0.8,0.095,ND,< 1 ,8.1,0.014,ND,32,ND,< 0.002 ,< 0.07 ,0.011,ND,< 0.07 ,< 0.001 ,0.016,< 2 ,ND,0.027,0.005,4.3,0.13
BR-06,BEAR R BL WOLF C NR LUCAS HILL CA,3.90107E+14,12/7/2000,9:40,Environmental,ND,21,< 20 ,< 400 ,18,< 0.1 ,0.013,14,< 0.08 ,0.047,< 0.03 ,< 3 ,< 0.08 ,1.5,0.008,< 0.008 ,< 0.002 ,100,< 0.005 ,< 0.001 ,1,0.024,0.69,< 0.001 ,5.5,1.5,0.5,7.9,0.02,1.9,< 0.1 ,0.007,0.92,0.004,3.9,0.1,ND,< 1 ,11,< 0.008 ,ND,71,ND,< 0.002 ,< 0.07 ,0.0051,ND,< 0.07 ,< 0.001 ,0.018,< 1 ,ND,0.034,0.005,3.4,0.027
BR-06,BEAR R BL WOLF C NR LUCAS HILL CA,3.90107E+14,12/7/2000,9:41,Laboratory Replicate,ND,22,< 20 ,< 400 ,18,< 0.1 ,0.026,14,< 0.08 ,0.046,< 0.03 ,< 3 ,< 0.08 ,1.7,0.007,< 0.008 ,< 0.002 ,100,0.008,< 0.001 ,1,0.022,0.68,< 0.001 ,5.6,1.7,0.5,7.5,0.02,2.4,< 0.1 ,0.006,0.94,0.004,4,0.11,ND,< 1 ,11,< 0.008 ,ND,76,ND,< 0.002 ,< 0.07 ,0.0064,ND,< 0.07 ,< 0.001 ,0.018,< 1 ,ND,0.032,0.005,4.7,0.029
BR-07,BEAR R NR WHEATLAND CA,11424000,6/23/1999,11:00,Environmental,0.17,140,< 50 ,< 6,16,< 0.05,0.008,7.2,0.014,0.16,0.17,< 3,< 0.06,1.3,0.014,0.012,0.0067,200,0.017,0.0032,0.57,0.077,0.54,0.0014,3.3,16,0.41,5.1,0.095,1.2,0.12,0.021,0.55,0.001,2.5,0.14,< 0.4,< 2,9.9,0.021,1.9,44,< 0.003,0.0028,< 0.02,0.0052,3.1,0.009,0.0018,0.026,< 3,0.016,0.12,0.01,2.2,0.027
BR-07,BEAR R NR WHEATLAND CA,11424000,6/23/1999,11:01,Laboratory Replicate,0.03,130,< 50 ,< 6,18,< 0.05,0.008,7.5,0.041,0.15,0.18,2.6,< 0.06,1.5,0.013,0.01,0.006,210,0.018,0.0036,0.61,0.071,0.54,0.0008,3.7,17,0.38,4.3,0.093,1.5,0.13,0.022,0.59,< 0.0008,2.2,0.15,< 0.4,< 2,11,0.023,1.6,49,< 0.003,0.0029,< 0.02,0.0051,3.5,< 0.007,0.0013,0.028,< 3,0.011,0.13,0.009,2.6,0.031
BR-07,BEAR R NR WHEATLAND CA,11424000,6/16/2000,11:00,Environmental,ND,200,< 20 ,< 9 ,19,< 0.1 ,0.084,7.8,< 0.08 ,0.24,0.12,< 3 ,0.1,2.4,0.025,0.022,0.0058,250,0.026,0.0045,0.72,0.11,0.48,0.0018,3.9,18,0.83,3.8,0.12,2.3,0.12,0.03,0.61,< 0.003 ,2.1,0.11,ND,< 1 ,12,0.035,ND,46,ND,0.0045,< 0.07 ,0.0075,ND,< 0.07 ,0.002,0.024,4,ND,0.13,0.011,25,0.045
BR-07,BEAR R NR WHEATLAND CA,11424000,6/16/2000,11:01,Laboratory Replicate,ND,190,< 20 ,12,22,< 0.1 ,0.024,9,< 0.08 ,0.23,0.12,< 3 ,0.25,2.6,0.028,0.018,0.0093,300,0.025,0.0047,0.79,0.11,0.64,0.0029,4.5,17,0.4,4,0.12,2,< 0.1 ,0.031,0.59,< 0.003 ,2.5,0.12,ND,< 1 ,14,0.035,ND,58,ND,0.0042,< 0.07 ,0.0085,ND,< 0.07 ,0.002,0.026,3,ND,0.12,0.011,25,0.052
BR-07,BEAR R NR WHEATLAND CA,11424000,7/7/2000,11:30,Environmental,ND,130,< 20 ,13,20,< 0.1 ,0.035,9.3,< 0.08 ,0.18,0.064,< 3 ,0.17,2.2,0.014,0.01,0.0056,190,0.019,0.0042,0.68,0.083,0.59,0.002,4.8,17,0.33,4.4,0.09,1.6,< 0.1 ,0.022,0.55,0.005,2.5,0.12,ND,< 1 ,12,0.016,ND,51,ND,0.0022,0.07,0.0069,ND,< 0.07 ,0.002,0.03,2,ND,0.088,0.009,4.8,0.034
BR-07,BEAR R NR WHEATLAND CA,11424000,7/7/2000,11:31,Laboratory Replicate,ND,130,< 20 ,14,22,< 0.1 ,0.033,11,< 0.08 ,0.19,0.088,< 3 ,< 0.08 ,1.9,0.016,0.009,0.003,250,0.011,0.003,0.63,0.087,0.7,0.0022,6,15,0.49,4,0.1,1.6,< 0.1 ,0.022,0.53,< 0.003 ,3.1,0.1,ND,< 1 ,13,0.015,ND,57,ND,0.0031,< 0.07 ,0.0083,ND,< 0.07 ,0.002,0.031,3,ND,0.1,0.01,3.1,0.033
BR-07,BEAR R NR WHEATLAND CA,11424000,8/17/2000,16:00,Environmental,ND,89,< 20 ,16,22,< 0.1 ,0.033,11,< 0.08 ,0.14,0.052,< 3 ,< 0.08 ,1.7,0.014,< 0.008 ,0.0048,160,0.013,0.0026,0.79,0.06,0.6,< 0.001 ,5.8,19,0.53,4.2,0.06,2.1,< 0.1 ,0.015,0.51,< 0.003 ,2.6,0.11,ND,< 1 ,16,0.015,ND,74,ND,0.0023,< 0.07 ,0.0063,ND,< 0.07 ,< 0.001 ,0.026,3,ND,0.066,0.004,8,0.039
BR-07,BEAR R NR WHEATLAND CA,11424000,8/17/2000,16:01,Laboratory Replicate,ND,96,< 20 ,20,26,< 0.1 ,0.12,11,< 0.08 ,0.14,0.046,3.2,0.14,1.8,0.016,0.01,0.0041,200,0.017,0.002,0.68,0.064,0.5,< 0.001 ,6,21,0.68,4.1,0.06,2.2,< 0.1 ,0.017,0.52,< 0.003 ,2.7,0.11,ND,< 1 ,15,0.015,ND,67,ND,0.0023,< 0.07 ,0.0088,ND,< 0.07 ,0.001,0.025,2,ND,0.068,0.005,16,0.035
BR-07,BEAR R NR WHEATLAND CA,11424000,9/26/2000,12:30,Environmental,ND,70,< 20 ,17,20,< 0.1 ,0.018,9.8,< 0.08 ,0.1,0.037,< 3 ,0.09,1.7,0.011,< 0.008 ,< 0.002 ,120,0.012,< 0.001 ,0.52,0.049,0.44,< 0.001 ,5.2,14,0.36,3.7,0.05,1.4,< 0.1 ,0.014,0.47,< 0.003 ,2.7,0.1,ND,< 1 ,12,0.014,ND,57,ND,< 0.002 ,< 0.07 ,0.0088,ND,< 0.07 ,< 0.001 ,0.027,< 2 ,ND,0.056,0.005,3.4,0.025
BR-07,BEAR R NR WHEATLAND CA,11424000,9/26/2000,12:31,Laboratory Replicate,ND,66,< 20 ,< 9 ,21,< 0.1 ,0.015,11,< 0.08 ,0.12,0.04,< 3 ,< 0.08 ,1.7,0.013,< 0.008 ,0.0027,120,0.015,0.0016,0.57,0.054,0.43,< 0.001 ,5.7,14,0.37,3.8,0.07,1.3,< 0.1 ,0.014,0.5,0.004,3,0.1,ND,< 1 ,13,< 0.008 ,ND,61,ND,0.0023,< 0.07 ,0.0083,ND,< 0.07 ,0.002,0.024,2,ND,0.061,0.008,13,0.026
BR-07,BEAR R NR WHEATLAND CA,11424000,12/7/2000,13:30,Environmental,ND,34,< 20 ,< 400 ,14,< 0.1 ,0.012,9,< 0.08 ,0.059,0.036,< 3 ,0.09,1.8,0.007,< 0.008 ,< 0.002 ,97,0.009,0.0014,0.53,0.03,0.49,< 0.001 ,4.8,10,0.33,4.4,0.03,2.4,< 0.1 ,0.006,0.41,0.004,2.8,0.11,ND,< 1 ,8.8,0.013,ND,53,ND,0.0021,< 0.07 ,0.0077,ND,< 0.07 ,< 0.001 ,0.027,< 1 ,ND,0.033,0.005,2.3,0.023
BR-07,BEAR R NR WHEATLAND CA,11424000,12/7/2000,13:31,Laboratory Replicate,ND,32,< 20 ,11,16,< 0.1 ,0.021,10,< 0.08 ,0.057,< 0.03 ,< 3 ,< 0.08 ,1.6,< 0.006 ,< 0.008 ,< 0.002 ,120,0.006,< 0.001 ,0.46,0.028,0.27,< 0.001 ,5.4,9.4,0.33,4.1,0.03,2.5,< 0.1 ,0.008,0.38,< 0.003 ,3.2,0.084,ND,< 1 ,9.8,< 0.008 ,ND,54,ND,< 0.002 ,< 0.07 ,0.01,ND,< 0.07 ,< 0.001 ,0.027,< 2 ,ND,0.03,0.004,2.9,0.031
BR-40,GREENHORN C A YOU BET RD BRDG NR NEVADA CITY CA,3.91116E+14,1/22/2002,11:10,Environmental,ND,639,< 60 ,13,25,< 0.2 ,0.036,5,0.16,0.84,2.5,< 2 ,< 0.08 ,3.3,0.1,0.056,0.028,309,0.096,0.02,0.92,0.35,1.6,0.0066,2,84,< 0.4 ,2.2,0.48,6.8,0.17,0.12,1.3,0.003,4.2,0.076,ND,< 3 ,13,0.093,ND,45,ND,0.014,< 0.07 ,0.047,ND,< 0.01 ,0.0083,0.04,< 3 ,< 0.01 ,0.6,0.046,8.8,0.072
BR-40,GREENHORN C A YOU BET RD BRDG NR NEVADA CITY CA,3.91116E+14,1/22/2002,11:11,Laboratory Replicate,ND,670,< 60 ,16,25,< 0.2 ,0.032,5,0.16,0.83,2.4,< 2 ,0.1,3.7,0.089,0.064,0.025,315,0.12,0.018,1.1,0.37,1.5,0.007,2,87,< 0.4 ,2.3,0.56,6.5,0.21,0.13,1.3,0.003,4.2,0.11,ND,< 3 ,13,0.12,ND,45,ND,0.015,< 0.07 ,0.045,ND,< 0.01 ,0.0085,0.044,< 3 ,0.26,0.62,0.043,14,0.079
BR-40,GREENHORN C A YOU BET RD BRDG NR NEVADA CITY CA,3.91116E+14,2/6/2002,11:00,Environmental,ND,151,< 70 ,8,27,< 0.04 ,0.026,5.7,0.089,0.42,1.6,< 3 ,0.04,3,0.053,0.03,0.014,159,0.06,0.011,0.65,0.18,1.4,0.0038,2.4,90,< 0.3 ,1.9,0.25,4.9,< 0.4 ,0.045,0.89,0.006,4.8,0.34,ND,< 1 ,14,0.056,ND,48,ND,0.0089,< 0.09 ,0.016,ND,< 0.1 ,0.0035,0.017,< 4 ,< 0.01 ,0.3,0.027,8.1,0.026
BR-40,GREENHORN C A YOU BET RD BRDG NR NEVADA CITY CA,3.91116E+14,2/6/2002,11:01,Laboratory Replicate,ND,147,< 70 ,< 5 ,25,< 0.04 ,0.035,5.5,0.08,0.42,1.6,< 3 ,< 0.03 ,3.5,0.048,0.026,0.016,155,0.053,0.011,0.58,0.17,1.1,0.0027,2.3,86,< 0.3 ,1.9,0.24,4.7,< 0.4 ,0.042,0.91,0.005,4.7,0.14,ND,< 1 ,13,0.074,ND,46,ND,0.0086,< 0.09 ,0.022,ND,< 0.1 ,0.0042,0.016,4,< 0.01 ,0.3,0.023,7.2,0.022
BR-40,GREENHORN C A YOU BET RD BRDG NR NEVADA CITY CA,3.91116E+14,3/12/2002,13:20,Environmental,ND,4780,< 70 ,< 5 ,74,0.2,0.04,4.1,0.093,7.6,4.2,8.9,0.49,11,0.81,0.38,0.22,4740,0.77,0.13,1.3,3.3,3.4,0.047,2.4,152,< 0.4 ,2,4,10,2.4,0.82,6.4,0.005,2.6,0.24,ND,< 0.2 ,27,0.88,ND,39,ND,0.14,< 0.06 ,0.8,ND,< 0.4 ,0.052,0.41,16,< 0.01 ,4.1,0.34,21,0.062
BR-40,GREENHORN C A YOU BET RD BRDG NR NEVADA CITY CA,3.91116E+14,3/12/2002,13:21,Laboratory Replicate,ND,5380,< 70 ,< 5 ,81,0.16,0.047,4.3,0.081,9.1,4.7,11,0.61,12,0.95,0.51,0.27,5570,0.95,0.18,1.4,3.7,3.6,0.059,2.5,170,< 0.4 ,1.9,4.7,11,2.5,0.96,7.5,< 0.003 ,2.7,0.24,ND,< 0.2 ,30,1.1,ND,40,ND,0.15,< 0.06 ,0.76,ND,< 0.4 ,0.069,0.44,18,< 0.01 ,4.8,0.46,19,0.063
BR-40,GREENHORN C A YOU BET RD BRDG NR NEVADA CITY CA,3.91116E+14,4/9/2002,14:00,Environmental,ND,204,< 30 ,6,22,0.04,0.16,4.7,0.14,0.57,1.6,< 2 ,0.23,1.8,0.061,0.033,0.015,182,0.068,0.012,0.78,0.26,1.2,0.0054,1.9,72,< 0.4 ,2.2,0.31,4.8,0.44,0.079,1.2,0.003,3.4,0.17,ND,< 1 ,13,0.071,ND,38,ND,0.009,< 0.03 ,0.042,ND,0.025,0.0042,0.038,< 2 ,0.03,0.35,0.031,10,0.028
BR-40,GREENHORN C A YOU BET RD BRDG NR NEVADA CITY CA,3.91116E+14,4/9/2002,14:01,Laboratory Replicate,ND,199,< 30 ,19,22,< 0.04 ,0.14,4.5,0.12,0.51,1.5,< 2 ,0.08,2.1,0.063,0.033,0.016,177,0.059,0.013,0.88,0.23,1.1,0.0051,1.8,69,1.2,2.2,0.32,4.8,0.33,0.073,1.2,0.002,3.3,0.14,ND,< 1 ,13,0.086,ND,39,ND,0.01,< 0.03 ,0.02,ND,< 0.02 ,0.0042,0.035,< 2 ,< 0.02 ,0.36,0.027,11,0.034
BR-40,GREENHORN C A YOU BET RD BRDG NR NEVADA CITY CA,3.91116E+14,5/6/2002,13:20,Environmental,ND,393,< 40 ,9,25,< 0.04 ,0.059,5.2,0.13,0.82,1.5,< 2 ,0.13,2.3,0.078,0.046,0.021,363,0.091,0.015,0.77,0.37,1.1,0.0049,2.1,77,0.59,2.3,0.47,4.5,0.34,0.11,1.5,0.002,4.1,0.13,ND,< 1 ,14,0.086,ND,43,ND,0.015,< 0.04 ,0.042,ND,< 0.02 ,0.0071,0.049,< 2 ,< 0.02 ,0.46,0.041,20,0.065
BR-40,GREENHORN C A YOU BET RD BRDG NR NEVADA CITY CA,3.91116E+14,5/6/2002,13:21,Laboratory Replicate,ND,385,< 40 ,7,26,< 0.04 ,0.059,5.2,0.11,0.86,1.4,< 2 ,0.1,2,0.084,0.047,0.024,362,0.093,0.018,0.78,0.39,1.2,0.0051,2.1,77,< 0.4 ,2.2,0.48,4.2,0.25,0.12,1.5,0.002,3.8,0.095,ND,< 1 ,14,0.092,ND,44,ND,0.015,< 0.04 ,0.048,ND,< 0.02 ,0.0063,0.043,< 2 ,0.023,0.47,0.037,6.8,0.048
BR-40,GREENHORN C A YOU BET RD BRDG NR NEVADA CITY CA,3.91116E+14,6/17/2002,11:40,Environmental,ND,122,< 40 ,< 5 ,29,< 0.04 ,0.061,5.5,0.12,0.41,1.5,< 2 ,0.13,1.5,0.041,0.026,0.011,241,0.047,0.0071,0.78,0.19,1.4,0.0024,2.2,139,< 0.4 ,2.4,0.24,3.7,0.21,0.055,1.5,0.002,4.3,0.11,ND,< 1 ,13,0.047,ND,47,ND,0.007,< 0.04 ,0.026,ND,< 0.02 ,0.0034,0.022,2,< 0.02 ,0.24,0.016,9.5,0.041
BR-40,GREENHORN C A YOU BET RD BRDG NR NEVADA CITY CA,3.91116E+14,6/17/2002,11:41,Laboratory Replicate,ND,119,< 40 ,< 5 ,29,< 0.04 ,0.039,5.6,0.092,0.4,1.5,< 2 ,< 0.05 ,1.3,0.041,0.021,0.01,250,0.054,0.0091,0.75,0.19,1.3,0.0022,2.2,141,< 0.4 ,2.3,0.23,3.5,0.16,0.054,1.5,< 0.002 ,4.4,0.11,ND,< 1 ,14,0.039,ND,47,ND,0.0055,< 0.04 ,0.012,ND,< 0.02 ,0.0035,0.02,< 2 ,< 0.02 ,0.25,0.018,9.1,0.036
BR-40,GREENHORN C A YOU BET RD BRDG NR NEVADA CITY CA,3.91116E+14,7/8/2002,13:00,Environmental,ND,49,< 40 ,7,27,< 0.07 ,0.053,5.3,0.081,0.19,1,< 2 ,0.18,1,0.02,0.013,0.0063,169,0.023,0.0045,0.82,0.087,1,< 0.001 ,2.1,141,0.44,2.6,0.11,2.7,0.25,0.026,1.6,0.002,4.6,0.12,ND,< 2 ,13,0.021,ND,44,ND,0.003,< 0.07 ,< 0.008 ,ND,< 0.02 ,0.002,0.013,< 2 ,< 0.02 ,0.13,0.008,5.9,0.018
BR-40,GREENHORN C A YOU BET RD BRDG NR NEVADA CITY CA,3.91116E+14,7/8/2002,13:01,Laboratory Replicate,ND,50,42,8,27,< 0.07 ,0.051,5.5,0.076,0.2,0.99,< 2 ,0.04,0.97,0.02,0.012,0.0068,207,0.026,0.0041,0.73,0.088,0.88,0.0018,2.2,146,0.58,2.6,0.11,2.6,0.17,0.027,1.5,0.005,4.8,0.13,ND,< 2 ,13,0.024,ND,46,ND,0.0028,< 0.07 ,0.014,ND,< 0.02 ,0.002,0.015,< 2 ,< 0.02 ,0.12,0.008,5.4,0.013
BR-40,GREENHORN C A YOU BET RD BRDG NR NEVADA CITY CA,3.91116E+14,8/20/2002,13:20,Environmental,ND,30,< 40 ,9,32,< 0.05 ,0.046,5.4,0.056,0.083,0.61,< 2 ,< 0.03 ,0.49,0.01,0.005,0.0024,162,0.01,0.0013,0.84,0.04,0.85,< 0.001 ,2.3,168,0.41,2.4,0.049,1.6,0.13,0.011,1.4,0.005,5.3,0.13,ND,< 0.6 ,12,0.016,ND,44,ND,0.0023,0.04,0.013,ND,< 0.03 ,< 0.001 ,0.008,< 2 ,< 0.02 ,0.065,0.003,4.3,0.009
BR-40,GREENHORN C A YOU BET RD BRDG NR NEVADA CITY CA,3.91116E+14,8/20/2002,13:21,Laboratory Replicate,ND,48,49,12,30,< 0.05 ,0.046,5.2,0.1,0.093,0.68,< 2 ,0.03,1.4,0.015,0.007,0.0029,192,0.011,0.0027,0.92,0.049,0.84,0.0018,2.2,173,0.63,2.5,0.048,2.1,0.23,0.011,1.4,0.007,5.4,0.14,ND,< 0.6 ,12,0.014,ND,45,ND,0.0021,< 0.02 ,0.013,ND,< 0.03 ,< 0.001 ,0.01,< 2 ,< 0.02 ,0.076,0.004,9,0.022
BR-40,GREENHORN C A YOU BET RD BRDG NR NEVADA CITY CA,3.91116E+14,9/9/2002,10:00,Environmental,ND,16,< 70 ,12,33,< 0.04 ,0.057,5.3,0.074,0.057,0.8,< 3 ,0.1,0.67,0.011,0.003,< 0.002 ,134,0.011,0.0013,0.94,0.032,0.7,0.0013,2.2,202,1.2,2,0.042,4.4,0.14,0.009,1.4,0.004,5.3,0.11,ND,< 0.4 ,12,0.009,ND,46,ND,0.0011,< 0.06 ,0.018,ND,0.033,< 0.0009 ,0.009,< 2 ,0.032,0.05,0.003,6.3,0.025
BR-40,GREENHORN C A YOU BET RD BRDG NR NEVADA CITY CA,3.91116E+14,9/9/2002,10:01,Laboratory Replicate,ND,15,< 70 ,17,33,< 0.04 ,0.042,5.2,0.037,0.053,0.83,< 3 ,0.03,0.47,0.004,0.003,0.0043,135,0.008,0.0022,0.95,0.03,0.79,< 0.0009 ,2.2,201,0.44,2,0.041,4.4,0.078,0.008,1.5,0.003,5.2,0.11,ND,< 0.4 ,12,0.011,ND,46,ND,0.0011,< 0.06 ,0.01,ND,< 0.03 ,0.0011,0.006,< 2 ,0.026,0.049,0.005,4.7,0.017
BR-40,GREENHORN C A YOU BET RD BRDG NR NEVADA CITY CA,3.91116E+14,10/17/2002,10:10,Environmental,ND,19,< 70 ,13,39,< 0.03 ,0.048,5.7,0.051,0.064,1.1,7.7,< 0.08 ,0.62,0.01,0.007,0.0051,181,0.008,0.0028,1,0.035,0.81,0.0009,2.5,259,1.2,2.8,0.047,11,0.12,0.01,1.5,0.004,6.8,0.1,ND,< 1 ,12,0.01,ND,48,ND,0.0014,< 0.07 ,0.022,ND,0.042,< 0.001 ,0.008,< 2 ,< 0.02 ,0.062,0.005,7,0.024
BR-40,GREENHORN C A YOU BET RD BRDG NR NEVADA CITY CA,3.91116E+14,10/17/2002,10:11,Laboratory Replicate,ND,18,< 70 ,12,40,< 0.03 ,0.042,5.7,0.068,0.063,1.1,5.7,< 0.08 ,0.47,0.009,0.005,0.0041,180,0.011,0.0023,1.1,0.032,0.84,0.0011,2.5,256,0.31,2.9,0.044,9.9,0.08,0.012,1.4,0.008,7,0.062,ND,< 1 ,12,0.01,ND,48,ND,0.0017,< 0.07 ,0.0058,ND,< 0.04 ,< 0.001 ,0.01,< 2 ,< 0.02 ,0.058,0.004,5.5,0.024
BR-40,GREENHORN C A YOU BET RD BRDG NR NEVADA CITY CA,3.91116E+14,11/12/2002,11:00,Environmental,ND,919,< 80 ,14,51,0.06,0.052,6.4,0.17,2.2,4.6,< 3 ,0.13,3.1,0.26,0.15,0.074,972,0.27,0.046,1.5,0.91,1.7,0.018,2.9,240,1.6,3.2,1.3,8.5,0.76,0.3,2.9,0.01,6.7,0.19,ND,< 1 ,15,0.32,ND,56,ND,0.04,< 0.07 ,0.16,ND,< 0.04 ,0.019,0.12,3,< 0.02 ,1.4,0.13,11,0.089
BR-40,GREENHORN C A YOU BET RD BRDG NR NEVADA CITY CA,3.91116E+14,11/12/2002,11:01,Laboratory Replicate,ND,951,< 80 ,21,51,0.15,0.15,6.6,0.17,2.1,4.5,< 3 ,0.14,3.3,0.24,0.14,0.073,1070,0.29,0.056,1.5,0.87,1.6,0.02,2.9,243,3.4,3.2,1.3,8.4,0.9,0.3,2.9,0.007,7.2,0.18,ND,< 1 ,15,0.31,ND,56,ND,0.046,< 0.07 ,0.17,ND,< 0.04 ,0.02,0.12,4,< 0.02 ,1.4,0.12,16,0.094
BR-40,GREENHORN C A YOU BET RD BRDG NR NEVADA CITY CA,3.91116E+14,12/18/2002,14:40,Environmental,ND,5770,< 70 ,< 5 ,94,0.22,0.074,5.2,0.17,12,8.4,11,0.82,17,1.2,0.67,0.35,6310,1.3,0.24,1.8,4.8,4.1,0.084,3.2,303,< 0.4 ,1.8,6.7,18,3.8,1.5,10,0.002,4.4,0.25,ND,0.4,29,1.5,ND,47,ND,0.21,< 0.06 ,1.1,ND,0.078,0.097,0.71,22,0.022,7,0.6,24,0.061
BR-40,GREENHORN C A YOU BET RD BRDG NR NEVADA CITY CA,3.91116E+14,12/18/2002,14:41,Laboratory Replicate,ND,5750,< 70 ,5,97,0.25,0.058,5.1,0.18,12,8.4,14,0.87,18,1.3,0.69,0.36,6460,1.4,0.26,1.8,4.9,4,0.093,3.2,321,< 0.4 ,1.7,6.9,19,3.7,1.5,10,0.003,4.3,0.24,ND,0.5,29,1.4,ND,46,ND,0.22,< 0.06 ,1.1,ND,0.078,0.1,0.73,24,< 0.02 ,7,0.62,25,0.057
BR-40,GREENHORN C A YOU BET RD BRDG NR NEVADA CITY CA,3.91116E+14,1/13/2003,13:20,Environmental,ND,2360,< 50 ,11,51,0.19,0.1,4.2,0.1,5.2,4.5,5.1,0.41,6.5,0.58,0.28,0.16,2370,0.56,0.11,1.3,2.2,2.1,0.04,2.1,133,0.79,2,3,8.2,1.8,0.62,4.9,< 0.002 ,3,0.25,ND,< 0.9 ,18,0.58,ND,34,ND,0.087,< 0.07 ,0.55,ND,0.1,0.045,0.32,10,< 0.02 ,2.9,0.28,13,0.05
BR-40,GREENHORN C A YOU BET RD BRDG NR NEVADA CITY CA,3.91116E+14,1/13/2003,13:21,Laboratory Replicate,ND,2770,< 50 ,8,55,0.17,0.063,4.2,0.15,5.2,4.1,4.9,0.6,7.6,0.56,0.32,0.17,2430,0.64,0.11,1.4,2.1,2.4,0.04,2.1,129,< 0.4 ,2.3,3,7.9,1.6,0.68,5.5,< 0.002 ,2.9,0.19,ND,< 0.9 ,20,0.64,ND,38,ND,0.091,< 0.07 ,0.54,ND,0.05,0.043,0.39,10,< 0.02 ,3.3,0.27,23,0.053
BR-40,GREENHORN C A YOU BET RD BRDG NR NEVADA CITY CA,3.91116E+14,2/5/2003,13:20,Environmental,ND,103,< 70 ,< 5 ,24,< 0.04 ,0.033,5.3,0.09,0.44,1.8,< 3 ,0.07,1.2,0.063,0.032,0.013,157,0.059,0.012,0.76,0.21,1.3,0.0042,2.1,86,< 0.4 ,1.9,0.4,4.9,0.1,0.14,1.1,< 0.002 ,4,0.1,ND,0.5,13,0.063,ND,43,ND,0.0086,< 0.06 ,0.018,ND,< 0.03 ,0.0039,0.022,< 2 ,< 0.02 ,0.34,0.023,5.4,0.02
BR-40,GREENHORN C A YOU BET RD BRDG NR NEVADA CITY CA,3.91116E+14,2/5/2003,13:21,Laboratory Replicate,ND,105,< 70 ,8,24,< 0.04 ,0.071,5.2,0.1,0.46,1.7,< 3 ,< 0.02 ,1.1,0.052,0.041,0.016,147,0.066,0.013,0.78,0.21,1.2,0.0038,2.1,82,0.85,1.8,0.28,4.5,0.14,0.063,1.2,< 0.002 ,4,0.079,ND,< 0.4 ,13,0.064,ND,42,ND,0.0088,< 0.06 ,0.034,ND,< 0.03 ,0.0045,0.025,< 2 ,< 0.02 ,0.33,0.026,6.2,0.034
BR-40,GREENHORN C A YOU BET RD BRDG NR NEVADA CITY CA,3.91116E+14,3/14/2003,14:00,Environmental,ND,1630,< 80 ,< 6 ,50,0.12,0.044,4.7,0.16,8.2,3.9,3.9,0.36,8.6,0.79,0.45,0.23,1940,0.92,0.16,1.1,3.3,2.1,0.05,2.3,125,< 0.3 ,2.3,4.4,8.5,1.7,1,4.7,< 0.002 ,3.5,0.13,ND,< 0.6 ,16,0.92,ND,41,ND,0.14,< 0.02 ,0.18,ND,0.047,0.062,0.33,6,< 0.02 ,4.6,0.36,17,0.13
BR-40,GREENHORN C A YOU BET RD BRDG NR NEVADA CITY CA,3.91116E+14,3/14/2003,14:01,Laboratory Replicate,ND,1720,< 80 ,< 6 ,52,0.11,0.056,4.7,0.33,9.4,4,< 3 ,0.37,10,0.92,0.5,0.28,2240,1.1,0.18,1.1,3.7,2.2,0.059,2.3,124,< 0.3 ,2.3,5.1,9.2,1.9,1.2,5,0.003,3.2,0.15,ND,< 0.6 ,16,1.1,ND,42,ND,0.14,< 0.02 ,0.22,ND,0.067,0.069,0.39,7,< 0.02 ,5,0.42,18,0.1
BR-40,GREENHORN C A YOU BET RD BRDG NR NEVADA CITY CA,3.91116E+14,3/15/2003,9:30,Environmental,ND,13400,< 80 ,< 6 ,351,1.1,0.2,6,0.73,74,40,36,3.8,72,6.6,3.4,1.9,21400,7.4,1.3,3.2,29,9.8,0.39,6,1290,0.52,1.6,38,59,23,8.7,36,< 0.002 ,2.6,0.46,ND,1,45,8,ND,60,ND,1.1,< 0.02 ,4.1,ND,0.47,0.49,3.9,79,0.032,36,2.9,110,0.33
BR-40,GREENHORN C A YOU BET RD BRDG NR NEVADA CITY CA,3.91116E+14,3/15/2003,9:31,Laboratory Replicate,ND,16100,< 80 ,< 6 ,375,1.3,0.22,6.3,0.81,79,42,44,4,75,7,3.8,2.1,25400,7.9,1.4,3.6,31,12,0.42,6.7,1390,0.54,1.5,40,62,24,9.4,42,< 0.002 ,2.5,0.55,ND,0.8,53,8.3,ND,63,ND,1.2,0.04,5.9,ND,0.49,0.51,4.1,93,< 0.02 ,38,3.2,109,0.47
BR-40,GREENHORN C A YOU BET RD BRDG NR NEVADA CITY CA,3.91116E+14,4/28/2003,13:50,Environmental,ND,5700,< 80 ,< 7 ,112,0.3,0.037,4.3,0.23,16,7.7,13,0.99,19,1.5,0.87,0.42,6700,1.7,0.3,1.6,6.5,4.2,0.1,3,252,< 0.5 ,1.7,8.5,13,4.2,2,11,< 0.002 ,2.5,0.33,ND,< 0.5 ,29,1.8,ND,40,ND,0.25,< 0.06 ,0.98,ND,< 0.06 ,0.11,0.77,26,< 0.01 ,7.9,0.67,35,0.12
BR-40,GREENHORN C A YOU BET RD BRDG NR NEVADA CITY CA,3.91116E+14,4/28/2003,13:51,Laboratory Replicate,ND,5710,< 80 ,< 7 ,110,0.27,0.04,4.3,0.2,15,7.3,14,1.1,18,1.5,0.81,0.42,6830,1.7,0.3,1.6,6.1,3.6,0.1,3.1,239,< 0.5 ,1.6,8.1,14,4.2,1.9,11,< 0.002 ,2.7,0.27,ND,< 0.5 ,30,1.8,ND,40,ND,0.26,< 0.06 ,0.87,ND,< 0.06 ,0.12,0.77,25,< 0.01 ,8.2,0.75,31,0.078
BR-40,GREENHORN C A YOU BET RD BRDG NR NEVADA CITY CA,3.91116E+14,5/12/2003,11:30,Environmental,ND,2150,< 50 ,< 3 ,53,0.12,0.023,4,0.18,5.5,3.5,4.5,0.48,7.3,0.55,0.32,0.16,2690,0.61,0.11,1,2.2,2.4,0.036,2.2,138,< 0.3 ,2.4,3.1,7.1,1.7,0.7,4.8,0.002,2.6,0.33,ND,< 0.8 ,19,0.68,ND,36,ND,0.099,< 0.05 ,0.11,ND,< 0.05 ,0.042,0.3,10,< 0.02 ,3,0.26,13,0.041
BR-40,GREENHORN C A YOU BET RD BRDG NR NEVADA CITY CA,3.91116E+14,5/12/2003,11:31,Laboratory Replicate,ND,2180,< 50 ,< 3 ,54,0.15,0.025,4.1,0.14,5.6,3.4,4.2,0.63,7.2,0.59,0.31,0.16,2570,0.62,0.12,1.1,2.1,2.3,0.034,2.2,129,< 0.3 ,2.3,3.1,7.5,1.5,0.71,4.9,0.002,2.5,0.23,ND,< 0.8 ,19,0.67,ND,36,ND,0.11,< 0.05 ,0.12,ND,< 0.05 ,0.043,0.27,11,< 0.02 ,3.1,0.29,14,0.049
BR-40,GREENHORN C A YOU BET RD BRDG NR NEVADA CITY CA,3.91116E+14,7/1/2003,7:50,Environmental,ND,28,< 80 ,< 7 ,36,< 0.05 ,< 0.01 ,5,0.14,0.15,2,< 3 ,0.02,0.67,0.016,0.007,0.0064,229,0.017,0.0041,0.73,0.066,0.85,0.0019,2.1,319,< 0.5 ,2,0.09,3.6,0.081,0.022,1.5,0.006,5,0.09,ND,< 0.5 ,13,0.018,ND,42,ND,< 0.002 ,< 0.06 ,< 0.007 ,ND,< 0.06 ,0.003,0.006,< 2 ,< 0.01 ,0.12,0.009,6.9,< 0.02 
BR-40,GREENHORN C A YOU BET RD BRDG NR NEVADA CITY CA,3.91116E+14,7/1/2003,7:51,Laboratory Replicate,ND,25,< 80 ,< 7 ,37,< 0.05 ,< 0.01 ,5.1,0.1,0.14,2,< 3 ,0.01,0.54,0.018,0.007,< 0.004 ,223,0.014,0.0031,0.71,0.062,0.91,0.0024,2.1,323,< 0.5 ,2,0.12,3.4,0.051,0.022,1.4,0.006,5.3,0.074,ND,< 0.5 ,13,0.022,ND,42,ND,0.0026,< 0.06 ,< 0.007 ,ND,< 0.06 ,< 0.002 ,< 0.006 ,< 2 ,< 0.01 ,0.11,0.012,7.3,< 0.02 
BR-40,GREENHORN C A YOU BET RD BRDG NR NEVADA CITY CA,3.91116E+14,10/14/2003,12:50,Environmental,ND,35,< 40 ,< 10 ,29,< 0.08 ,0.018,5.5,0.026,0.073,0.18,< 2 ,0.1,< 0.7 ,0.011,0.009,0.0033,87,0.017,0.0019,0.86,0.044,1,< 0.0008 ,2.3,75,< 0.4 ,2.7,0.048,0.94,< 0.2 ,0.012,1.4,0.003,4.3,0.065,ND,< 2 ,12,0.01,ND,46,ND,< 0.001 ,0.04,< 0.009 ,ND,< 0.02 ,< 0.0007 ,< 0.01 ,< 2 ,< 0.02 ,0.055,< 0.003 ,< 4 ,< 0.02 
BR-40,GREENHORN C A YOU BET RD BRDG NR NEVADA CITY CA,3.91116E+14,10/14/2003,12:51,Laboratory Replicate,ND,36,< 40 ,< 10 ,28,< 0.08 ,< 0.01 ,5.6,0.042,0.072,0.21,< 2 ,0.15,< 0.7 ,< 0.008 ,0.005,0.0032,88,0.01,0.0016,0.81,0.039,1.5,0.0012,2.3,79,< 0.4 ,2.7,0.047,1,< 0.2 ,0.011,1.3,0.004,4.4,0.07,ND,< 2 ,12,0.014,ND,46,ND,0.0017,< 0.04 ,< 0.009 ,ND,< 0.02 ,0.0007,< 0.01 ,< 2 ,< 0.02 ,0.061,0.003,< 4 ,< 0.02 
BR-76,POLAR STAR MINE TUNNEL INLET NR DUTCH FLAT CA,3.91243E+14,5/7/1999,12:00,Environmental,0.03,15,< 20 ,11,16,< 0.04,0.005,27,0.044,0.11,0.28,< 3,< 0.05,1,0.061,0.031,0.012,25,0.068,0.012,0.83,0.49,13,0.0032,24,5.7,0.07,1.1,0.3,750,0.048,0.08,1.3,0.007,53,0.21,0.2,< 2,24,0.049,1.2,150,< 0.003,0.01,< 0.02,0.004,< 0.5,< 0.01,0.0038,0.044,< 4,< 0.02,0.48,0.022,9.6,0.007
BR-76,POLAR STAR MINE TUNNEL INLET NR DUTCH FLAT CA,3.91243E+14,5/7/1999,12:01,Laboratory Replicate,0.02,13,< 20 ,10,16,< 0.04,0.01,26,0.038,0.1,0.25,< 3,< 0.05,0.71,0.06,0.035,0.014,19,0.069,0.013,0.84,0.5,14,0.0033,24,4.8,0.06,1.1,0.3,730,0.04,0.08,1.3,0.005,52,0.18,0.2,< 2,23,0.059,0.8,150,< 0.003,0.012,< 0.02,0.0035,< 0.5,< 0.01,0.0043,0.044,< 4,< 0.02,0.49,0.024,10,0.006
BR-77,POLAR STAR MINE TUNNEL MIDWAY NR DUTCH FLAT CA,3.91245E+14,5/7/1999,10:30,Environmental,0.01,57,< 20 ,11,16,0.06,< 0.003,28,0.043,0.24,0.77,< 3,< 0.05,1.2,0.039,0.023,0.0091,110,0.049,0.0081,0.85,0.27,14,0.0018,26,23,0.06,1.2,0.21,700,0.073,0.05,1.4,0.006,56,0.17,0.2,< 2,24,0.044,0.6,150,< 0.003,0.0078,< 0.02,0.01,0.9,< 0.01,0.0027,0.043,< 4,< 0.02,0.35,0.018,11,0.01
BR-77,POLAR STAR MINE TUNNEL MIDWAY NR DUTCH FLAT CA,3.91245E+14,5/7/1999,10:31,Laboratory Replicate,0.13,58,< 20 ,< 6,16,0.07,0.006,27,0.072,0.19,0.86,< 3,0.06,1.4,0.033,0.023,0.013,110,0.041,0.007,0.84,0.23,14,0.0018,25,23,0.11,1.1,0.22,680,0.1,0.05,1.5,0.006,55,0.23,0.2,< 2,24,0.043,1.3,150,< 0.003,0.0056,0.03,0.0087,0.8,< 0.01,0.0022,0.046,< 4,< 0.02,0.48,0.016,12,0.022
BR-78,POLAR STAR MINE TUNNEL DISCHARGE NR DUTCH FLAT CA,3.91247E+14,5/7/1999,9:30,Environmental,0.02,29,< 20 ,15,16,< 0.04,< 0.003,27,0.028,0.13,0.45,< 3,< 0.05,1,0.025,0.018,0.0065,73,0.027,0.0052,0.83,0.18,14,0.0011,25,8.7,0.06,1.1,0.13,730,0.034,0.03,1.5,0.006,55,0.2,0.2,< 2,24,0.018,0.8,150,< 0.003,0.0043,0.03,0.0074,< 0.5,< 0.01,0.0015,0.044,< 4,< 0.02,0.22,0.013,7.7,0.01
BR-78,POLAR STAR MINE TUNNEL DISCHARGE NR DUTCH FLAT CA,3.91247E+14,5/7/1999,9:31,Laboratory Replicate,0.02,28,< 20 ,11,17,< 0.04,< 0.003,27,0.046,0.12,0.46,< 3,< 0.05,1.3,0.02,0.014,0.0076,70,0.028,0.0053,0.85,0.17,14,0.0011,26,8.6,0.06,1.2,0.12,740,0.036,0.03,1.4,0.006,56,0.19,0.2,< 2,24,0.023,0.6,150,< 0.003,0.0046,< 0.02,0.0052,< 0.5,< 0.01,0.0016,0.04,< 4,< 0.02,0.22,0.011,7.5,0.023
BR-78,POLAR STAR MINE TUNNEL DISCHARGE NR DUTCH FLAT CA,3.91247E+14,5/27/1999,10:30,Environmental,0.03,120,< 20 ,8,25,0.06,0.003,41,0.056,0.51,1.1,< 3,0.06,2,0.081,0.05,0.024,390,0.095,0.017,1,0.53,17,0.0035,36,17,0.1,1.6,0.51,840,0.15,0.11,1.8,0.009,83,0.21,0.3,< 2,26,0.098,1,220,< 0.003,0.013,< 0.02,0.019,2.1,< 0.01,0.0055,0.084,< 4,< 0.02,0.8,0.029,7.6,0.02
BR-78,POLAR STAR MINE TUNNEL DISCHARGE NR DUTCH FLAT CA,3.91247E+14,5/27/1999,10:31,Laboratory Replicate,0.03,130,< 20 ,12,26,< 0.04,0.006,42,0.047,0.62,1.1,< 3,< 0.05,1.8,0.096,0.057,0.029,410,0.12,0.02,1.1,0.69,17,0.0049,38,17,0.09,1.7,0.54,860,0.2,0.13,1.6,0.01,85,0.21,0.2,< 2,27,0.11,1.2,230,< 0.003,0.02,< 0.02,0.021,2.6,< 0.01,0.0067,0.091,< 4,< 0.02,0.68,0.037,8.4,0.018
BR-80,NF STEEPHOLLOW C NR BLUE CYN CA,3.91642E+14,7/1/1999,10:00,Environmental,0.02,38,< 50 ,< 6,16,< 0.05,0.004,3.8,0.017,0.084,0.1,< 3,< 0.06,0.4,0.007,0.004,0.0039,62,0.009,0.0014,0.65,0.054,0.39,0.0012,3.5,7,0.19,2.4,0.076,1.7,0.043,0.02,1.4,< 0.0008,1.3,0.15,< 0.4,< 2,17,0.013,1.5,49,< 0.003,0.0015,< 0.02,0.0055,1.1,< 0.007,0.0008,0.016,< 3,0.01,0.086,0.005,1.9,0.029
BR-80,NF STEEPHOLLOW C NR BLUE CYN CA,3.91642E+14,7/1/1999,10:01,Laboratory Replicate,0.03,43,< 50 ,8,17,< 0.05,0.01,3.7,0.015,0.11,0.091,4.5,< 0.06,0.5,0.01,0.006,0.0032,58,0.013,0.002,0.67,0.077,0.29,0.0013,3.5,7,0.17,2.5,0.085,2,0.06,0.02,1.5,0.001,1.3,0.15,< 0.4,< 2,17,0.018,1.7,51,< 0.003,0.002,< 0.02,0.0091,0.7,< 0.007,0.0011,0.014,< 3,0.02,0.065,0.006,1.7,0.021
BR-81,REMINGTON HILL MINE MAIN DISCHARGE NR BLUE CYN CA,3.91643E+14,7/1/1999,9:30,Environmental,0.02,31,< 50 ,40,20,< 0.05,0.004,7.2,0.023,0.066,0.22,< 3,< 0.06,0.9,0.006,0.005,0.0041,49,0.01,0.0015,0.74,0.062,0.69,< 0.0007,4.2,3.5,0.09,2.7,0.062,17,0.12,0.02,1.5,< 0.0008,4.7,0.091,< 0.4,< 2,22,0.012,1.1,76,< 0.003,0.0014,< 0.02,0.0017,1.1,< 0.007,0.0007,0.014,< 3,0.14,0.074,0.005,3.1,0.01
BR-81,REMINGTON HILL MINE MAIN DISCHARGE NR BLUE CYN CA,3.91643E+14,7/1/1999,9:31,Laboratory Replicate,0.04,31,< 50 ,52,19,< 0.05,0.003,7.1,0.022,0.096,0.29,3.5,< 0.06,0.42,0.011,0.009,0.0041,46,0.014,0.0028,0.79,0.069,0.66,0.0008,4.1,4.3,0.1,2.6,0.097,19,0.046,0.03,1.8,< 0.0008,4.6,0.1,< 0.4,< 2,22,0.019,0.9,74,< 0.003,0.0023,< 0.02,0.002,< 0.4,< 0.007,0.0011,0.015,< 3,0.1,0.11,0.007,2.6,0.008
BR-82,SE TRIB TO ROLLINS RES NR COLFAX CA,3.90815E+14,12/21/2001,7:30,Environmental,ND,80,< 100 ,< 9 ,21,< 0.04 ,< 0.04 ,5.1,< 0.05 ,0.17,0.078,< 2 ,< 0.04 ,< 0.5 ,0.028,0.018,0.0078,109,0.022,0.0056,0.48,0.11,1.3,< 0.0016 ,3.1,4.7,< 0.7 ,8,0.129,1.7,0.33,0.02,0.29,< 0.004 ,3,< 0.04 ,ND,< 0.9 ,12,0.028,ND,34,ND,0.0044,< 0.11 ,< 0.014 ,ND,< 0.11 ,< 0.002 ,< 0.011 ,< 3 ,0.035,0.159,0.008,8.2,< 0.02 
BR-82,SE TRIB TO ROLLINS RES NR COLFAX CA,3.90815E+14,12/21/2001,7:31,Laboratory Replicate,ND,81,< 100 ,< 9 ,20,< 0.04 ,< 0.04 ,5,< 0.05 ,0.21,0.059,< 2 ,< 0.04 ,< 0.5 ,0.025,0.021,0.0045,95,0.024,0.0045,0.39,0.13,1.2,< 0.0016 ,3.1,4.5,< 0.7 ,7.3,0.137,1.6,0.29,0.02,0.29,< 0.004 ,3,< 0.04 ,ND,< 0.9 ,12,0.033,ND,34,ND,0.002,< 0.11 ,< 0.014 ,ND,< 0.11 ,< 0.002 ,< 0.011 ,< 3 ,0.05,0.2,0.011,7.7,< 0.02 
BR-83,POORMAN C AB ROLLINS RES A YOU BET RD NR COLFAX CA,3.90951E+14,12/21/2001,14:30,Environmental,ND,59,< 100 ,< 9 ,10.7,< 0.04 ,< 0.04 ,3,< 0.05 ,0.099,< 0.04 ,< 2 ,< 0.04 ,< 0.5 ,0.018,0.017,< 0.004 ,56,0.008,0.0045,0.31,0.068,1,< 0.0016 ,1.8,4.4,0.81,1.8,0.081,0.6,0.17,0.01,0.2,< 0.004 ,1.7,< 0.04 ,ND,< 0.9 ,11,0.017,ND,21,ND,0.0028,< 0.11 ,< 0.014 ,ND,< 0.11 ,< 0.002 ,< 0.011 ,< 3 ,< 0.04 ,0.112,0.008,6.3,< 0.02 
BR-83,POORMAN C AB ROLLINS RES A YOU BET RD NR COLFAX CA,3.90951E+14,12/21/2001,14:31,Laboratory Replicate,ND,59,< 100 ,< 9 ,10.6,< 0.04 ,< 0.04 ,3,< 0.05 ,0.099,< 0.04 ,< 2 ,< 0.04 ,< 0.5 ,0.023,< 0.009 ,0.0041,51,0.018,0.0031,0.25,0.058,0.9,< 0.0016 ,1.8,4.3,< 0.7 ,1.7,0.073,0.46,0.21,-0.01,0.19,< 0.004 ,1.6,< 0.04 ,ND,< 0.9 ,11,0.027,ND,21,ND,0.0032,< 0.11 ,< 0.014 ,ND,< 0.11 ,< 0.002 ,< 0.011 ,< 3 ,< 0.04 ,0.108,0.006,6,< 0.02 
BR-84,S TRIB TO ROLLINS RES NR COLFAX CA,3.90753E+14,12/21/2001,8:00,Environmental,ND,194,< 100 ,< 9 ,31,< 0.04 ,< 0.04 ,5.8,< 0.05 ,0.59,0.15,< 2 ,< 0.04 ,0.61,0.058,0.027,0.017,218,0.055,0.01,0.62,0.31,0.73,0.0017,2.9,4.5,< 0.7 ,5.2,0.36,0.96,0.48,0.07,0.53,< 0.004 ,2.1,< 0.04 ,ND,< 0.9 ,12,0.083,ND,47,ND,0.01,< 0.11 ,< 0.014 ,ND,< 0.11 ,0.003,< 0.011 ,< 3 ,< 0.04 ,0.31,0.014,12,< 0.02 
BR-84,S TRIB TO ROLLINS RES NR COLFAX CA,3.90753E+14,12/21/2001,8:01,Laboratory Replicate,ND,201,< 100 ,< 9 ,32,< 0.04 ,< 0.04 ,5.8,< 0.05 ,0.6,0.14,< 2 ,< 0.04 ,< 0.5 ,0.063,0.028,0.019,214,0.062,0.012,0.62,0.31,1.1,< 0.0016 ,3,4.8,< 0.7 ,4.8,0.37,0.86,0.53,0.08,0.5,< 0.004 ,2.2,0.16,ND,< 0.9 ,12,0.085,ND,48,ND,0.0093,< 0.11 ,< 0.014 ,ND,< 0.11 ,0.003,< 0.011 ,< 3 ,< 0.04 ,0.34,0.021,7,< 0.02 
BR-85,BEAR R BL STEEPHOLLOW C NR CHICAGO PARK CA,3.91023E+14,1/26/2000,13:00,Environmental,ND,370,< 20,4,17,< 0.07,0.006,4.1,0.026,1,0.59,< 0.4,< 0.2,1.5,0.11,0.053,0.026,450,0.11,0.018,0.49,0.48,0.46,0.01,2.6,28,0.27,2.1,0.59,6,0.39,0.14,1.1,< 0.002,1.3,0.049,< 0.3,< 0.2,11,0.13,1.6,33,ND,0.019,< 0.05,0.065,ND,0.005,0.006,0.1,< 2,0.012,0.54,0.049,4.3,0.15
BR-85,BEAR R BL STEEPHOLLOW C NR CHICAGO PARK CA,3.91023E+14,1/26/2000,13:01,Laboratory Replicate,ND,360,< 20,4,16,< 0.07,0.015,3.8,0.024,1,0.52,< 0.4,< 0.2,1.5,0.099,0.05,0.027,430,0.11,0.021,0.47,0.47,0.48,0.0065,2.5,26,0.33,2.2,0.56,6.2,0.38,0.13,1.1,< 0.002,1.2,0.045,< 0.3,< 0.2,11,0.12,1.3,34,ND,0.018,< 0.05,0.072,ND,0.007,0.007,0.094,< 2,0.011,0.52,0.045,5.1,0.14
BR-85,BEAR R BL STEEPHOLLOW C NR CHICAGO PARK CA,3.91023E+14,3/15/2003,16:30,Environmental,ND,165,< 80 ,7,12,< 0.05 ,0.058,3.8,< 0.02 ,0.73,0.35,< 3 ,< 0.03 ,0.9,0.064,0.023,0.016,277,0.068,0.0095,0.45,0.35,0.73,0.0037,1.2,21,0.59,2.9,0.41,3.4,0.3,0.1,0.98,< 0.002 ,0.8,0.069,ND,< 0.6 ,8.4,0.087,ND,32,ND,0.011,0.04,0.039,ND,< 0.03 ,0.003,0.078,< 2 ,0.029,0.31,0.028,3,0.084
BR-85,BEAR R BL STEEPHOLLOW C NR CHICAGO PARK CA,3.91023E+14,3/15/2003,16:31,Laboratory Replicate,ND,163,< 80 ,10,13,< 0.05 ,0.045,3.9,< 0.02 ,0.71,0.37,< 3 ,< 0.03 ,0.98,0.065,0.034,0.021,250,0.069,0.0093,0.52,0.35,0.59,0.0045,1.2,21,1.4,3,0.41,3.3,0.37,0.09,1,< 0.002 ,0.9,0.076,ND,< 0.6 ,8.7,0.078,ND,33,ND,0.01,< 0.02 ,0.047,ND,< 0.03 ,0.003,0.079,< 2 ,0.034,0.3,0.027,5.4,0.099
BR-86,NW TRIB TO ROLLINS RES NR BEAR RIVER PINES CA,3.91006E+14,6/8/1999,12:30,Environmental,ND,414,< 100 ,< 9 ,16.6,< 0.04 ,< 0.04 ,6.9,< 0.05 ,0.37,0.24,< 2 ,< 0.04 ,1.2,0.028,0.018,0.011,539,0.03,0.0058,0.95,0.18,0.56,0.0019,3.2,40,< 0.7 ,3.1,0.2,0.54,0.19,0.03,0.82,0.005,0.9,< 0.04 ,ND,< 0.9 ,16,0.04,ND,57,ND,0.0063,< 0.11 ,< 0.014 ,ND,< 0.11 ,< 0.002 ,< 0.011 ,< 3 ,< 0.04 ,0.18,0.015,4.4,< 0.02 
BR-86,NW TRIB TO ROLLINS RES NR BEAR RIVER PINES CA,3.91006E+14,6/8/1999,12:31,Laboratory Replicate,ND,414,< 100 ,< 9 ,13.9,< 0.04 ,< 0.04 ,7,< 0.05 ,0.35,0.23,< 2 ,< 0.04 ,1.7,0.034,0.014,0.014,549,0.022,0.0064,0.91,0.17,0.64,0.0028,3.1,39,< 0.7 ,3.1,0.21,0.65,0.57,0.04,0.89,< 0.004 ,1,0.052,ND,< 0.9 ,16,0.038,ND,56,ND,0.0058,< 0.11 ,< 0.014 ,ND,< 0.11 ,< 0.002 ,0.012,3,< 0.04 ,0.18,0.019,8.9,0.046
BR-89,SOUTHERN CROSS MINE TUNNEL MIDWAY NR DUTCH FLAT CA,3.91237E+14,5/27/1999,15:00,Environmental,0.02,1500,< 20 ,48,22,0.66,0.004,21,0.5,16,130,< 3,< 0.05,14,1.7,0.97,0.48,42,1.9,0.37,1.2,7.9,14,0.079,30,1300,0.1,1.5,7.9,2200,0.17,1.85,2.7,0.01,69,0.11,< 0.2,< 2,33,1.5,1.2,220,< 0.003,0.27,< 0.02,0.0041,0.8,0.017,0.12,0.18,< 4,< 0.02,13,0.73,98,0.015
BR-89,SOUTHERN CROSS MINE TUNNEL MIDWAY NR DUTCH FLAT CA,3.91237E+14,5/27/1999,15:01,Laboratory Replicate,0.01,970,< 20 ,55,23,0.61,0.003,22,0.33,19,120,< 3,< 0.05,11,2.1,0.94,0.51,45,2.2,0.35,1.2,10,14,0.11,31,1300,0.08,1.6,7.8,2400,0.35,1.94,2.5,0.009,69,0.087,< 0.2,< 2,33,1.6,0.7,220,< 0.003,0.35,< 0.02,0.0042,< 0.5,0.013,0.12,0.18,< 4,< 0.02,9.1,0.79,100,0.012
BR-91,STEEPHOLLOW C A LOWELL HILL BRDG NR NEVADA CITY CA,3.91146E+14,1/26/2000,10:00,Environmental,ND,270,< 20,7,14,< 0.07,0.007,3.7,0.042,0.78,0.75,< 0.4,< 0.2,1.1,0.08,0.05,0.026,300,0.098,0.017,0.5,0.36,0.85,0.0059,3.5,24,0.18,1.8,0.49,6.8,0.26,0.11,1,< 0.002,1.2,0.048,< 0.3,< 0.2,14,0.098,6.7,34,ND,0.015,< 0.05,0.075,ND,0.012,0.006,0.047,< 2,< 0.008,0.48,0.044,13,0.078
BR-91,STEEPHOLLOW C A LOWELL HILL BRDG NR NEVADA CITY CA,3.91146E+14,1/26/2000,10:01,Laboratory Replicate,ND,270,< 20,5,14,< 0.07,0.005,3.7,0.041,0.81,0.8,< 0.4,< 0.2,1.1,0.087,0.046,0.026,280,0.094,0.017,0.47,0.39,0.83,0.0064,3.4,25,0.16,1.9,0.51,7,0.26,0.12,1,< 0.002,1.3,0.049,< 0.3,0.4,14,0.1,7.4,33,ND,0.015,< 0.05,0.089,ND,0.005,0.008,0.046,< 2,< 0.008,0.51,0.042,13,0.077
BR-91,STEEPHOLLOW C A LOWELL HILL BRDG NR NEVADA CITY CA,3.91146E+14,3/15/2003,15:50,Environmental,ND,1110,< 80 ,< 6 ,34,< 0.05 ,0.046,3.9,0.11,3.8,3.1,5.9,0.34,5.8,0.42,0.21,0.12,1500,0.48,0.089,0.83,1.7,1.8,0.024,3.2,94,< 0.3 ,1.7,2.2,13,1.1,0.52,2.8,< 0.002 ,1.6,0.1,ND,< 0.6 ,14,0.5,ND,35,ND,0.069,< 0.02 ,0.058,ND,< 0.03 ,0.032,0.14,4,< 0.02 ,2.5,0.2,19,0.14
BR-91,STEEPHOLLOW C A LOWELL HILL BRDG NR NEVADA CITY CA,3.91146E+14,3/15/2003,15:51,Laboratory Replicate,ND,1120,< 80 ,< 6 ,33,0.07,0.046,4,0.13,3.6,3,5.5,0.36,6.1,0.43,0.24,0.12,1550,0.48,0.088,0.87,1.7,1.9,0.028,3.3,92,< 0.3 ,1.8,2.3,13,1.1,0.51,2.8,< 0.002 ,1.5,0.11,ND,< 0.6 ,14,0.49,ND,36,ND,0.075,< 0.02 ,0.065,ND,< 0.03 ,0.034,0.14,4,< 0.02 ,2.5,0.2,16,0.13
BR-93,STUMP CYN C NE NR DUTCH FLAT CA,3.91351E+14,2/16/2000,12:45,Environmental,ND,5500,< 20,9,55,0.21,0.06,2.4,0.044,45,8.6,7.5,1,9,2.7,1.3,0.99,4700,3.2,0.5,0.76,18,2.9,0.18,2,110,0.07,0.88,21,57,7.3,5.04,8.7,< 0.002,3.9,0.05,4.5,0.5,17,4.2,3.1,26,ND,0.53,< 0.05,4.6,ND,0.054,0.18,0.86,19,< 0.008,13,1.1,14,0.33
BR-93,STUMP CYN C NE NR DUTCH FLAT CA,3.91351E+14,2/16/2000,12:46,Laboratory Replicate,ND,5600,< 20,8,54,0.26,0.061,2.4,0.048,45,8.8,8.1,1,9.2,2.7,1.3,0.98,5000,3.2,0.5,0.77,17,2.8,0.17,2.1,120,0.08,0.92,21,58,7.2,4.96,8.9,< 0.002,3.8,0.052,4.3,0.4,17,4.1,2.5,25,ND,0.52,< 0.05,4.9,ND,0.06,0.17,0.86,19,< 0.008,13,1.1,15,0.36
BR-94,STUMP CYN C NW NR DUTCH FLAT CA,3.9135E+14,2/16/2000,13:45,Environmental,ND,110,< 20,3,14,< 0.07,0.008,1.4,0.019,0.52,0.13,< 0.4,< 0.2,0.45,0.058,0.038,0.017,93,0.06,0.013,0.46,0.28,0.3,0.0033,1.5,3.4,0.07,1.2,0.32,7.2,0.083,0.08,0.62,< 0.002,0.4,0.032,< 0.3,0.3,9.2,0.068,1.5,12,ND,0.012,< 0.05,0.033,ND,< 0.003,0.004,0.017,< 2,< 0.008,0.32,0.032,4,0.051
BR-94,STUMP CYN C NW NR DUTCH FLAT CA,3.9135E+14,2/16/2000,13:46,Laboratory Replicate,ND,110,< 20,5,13,< 0.07,0.003,1.4,0.012,0.51,0.12,< 0.4,< 0.2,0.45,0.058,0.031,0.014,87,0.063,0.011,0.48,0.25,0.29,0.0044,1.4,3.5,0.09,1.1,0.31,7.2,0.083,0.07,0.61,< 0.002,0.4,0.02,< 0.3,< 0.2,9,0.063,1.9,11,ND,0.01,< 0.05,0.036,ND,< 0.003,0.004,0.017,< 2,< 0.008,0.32,0.028,3.1,0.047
BR-95,YOU BET MINE OUTLET TO MAIN DRAIN TNNL NR GOLD RUN,3.91215E+14,5/6/1999,12:30,Environmental,0.02,2500,< 20 ,< 6,20,1.5,< 0.003,42,1.1,15,42,< 3,0.33,21,1.8,0.99,0.42,720,1.7,0.36,4.4,6.2,50,0.091,17,3000,0.09,3.1,7.6,160,0.2,1.76,18,0.023,81,0.084,0.8,< 2,57,1.7,1.4,300,< 0.003,0.32,< 0.02,0.041,< 0.5,0.1,0.13,0.75,< 4,< 0.02,11,0.75,140,0.008
BR-95,YOU BET MINE OUTLET TO MAIN DRAIN TNNL NR GOLD RUN,3.91215E+14,5/6/1999,12:31,Laboratory Replicate,0.14,3700,< 20 ,< 6,21,1.5,0.012,42,0.98,16,45,< 3,0.26,19,2.1,0.97,0.42,740,2,0.38,4.5,6.9,51,0.12,16,2900,0.2,3,7.8,180,0.22,2.08,18,0.027,81,0.085,0.8,< 2,58,1.8,2.8,290,< 0.003,0.35,< 0.02,0.046,< 0.5,0.11,0.13,0.74,< 4,< 0.02,10,0.81,130,0.009
BR-96,YOU BET MINE INLET TO MAIN DRAIN TNNL NR GOLD RUN,3.91223E+14,5/6/1999,15:00,Environmental,0.03,3600,< 20 ,10,21,2,0.006,43,1.3,19,51,< 3,0.32,25,2.3,1.1,0.51,910,2.1,0.44,4.8,8.3,57,0.16,17,3400,0.12,2.9,8.9,210,0.58,2.21,22,0.034,89,0.077,0.9,1.7,63,1.9,2.4,300,< 0.003,0.42,< 0.02,0.1,1,0.13,0.16,0.99,< 4,< 0.02,11,0.9,160,0.015
BR-96,YOU BET MINE INLET TO MAIN DRAIN TNNL NR GOLD RUN,3.91223E+14,5/6/1999,15:01,Laboratory Replicate,0.02,2700,< 20 ,< 6,22,2,< 0.003,44,1.1,18,53,< 3,0.32,20,2.4,1.1,0.58,920,2.8,0.39,4.8,7.6,58,0.15,18,3400,0.14,2.9,8.7,200,0.62,2.05,19,0.028,89,0.085,1,< 2,63,2,1,300,< 0.003,0.43,< 0.02,0.092,1.4,0.14,0.18,1,< 4,< 0.02,10,1.1,160,0.013
BR-99,YOU BET MINE SW DRAINAGE TUNNEL NR GOLD RUN CA,3.91144E+14,5/5/1999,14:30,Environmental,0.02,170,< 20 ,< 6,21,0.09,0.003,12,0.22,0.92,18,< 3,0.07,2.8,0.16,0.096,0.04,2700,0.19,0.033,1.2,0.55,7.8,0.0092,6.2,950,0.11,1.4,0.6,61,0.053,0.13,2.3,0.019,25,0.1,< 0.2,< 2,20,0.14,1.8,71,< 0.003,0.028,< 0.02,0.0023,< 0.5,< 0.01,0.011,0.008,< 4,< 0.02,1.2,0.057,100,0.006
BR-99,YOU BET MINE SW DRAINAGE TUNNEL NR GOLD RUN CA,3.91144E+14,5/5/1999,14:31,Laboratory Replicate,0.01,180,< 20 ,< 6,22,0.14,0.004,13,0.24,1.1,19,< 3,< 0.05,3.1,0.18,0.09,0.037,2800,0.19,0.033,1.2,0.58,7.9,0.0086,6.3,1000,0.07,1.4,0.66,63,0.046,0.14,2.4,0.02,26,0.13,0.3,< 2,21,0.13,1.8,73,< 0.003,0.031,< 0.02,< 0.001,< 0.5,< 0.01,0.0092,0.007,< 4,< 0.02,1.1,0.054,100,< 0.006
BR-102,WALLOUPA MINE EAST DRAINAGE TUNNEL NR GOLD RUN CA,3.91144E+14,5/5/1999,15:20,Environmental,0.01,340,< 20 ,< 6,30,0.12,0.005,15,0.74,2.3,10,< 3,0.05,14,0.59,0.3,0.1,880,0.51,0.12,0.96,1.9,7.3,0.018,7.1,750,0.05,1.5,1.8,81,0.1,0.41,3.1,0.002,26,0.1,0.4,< 2,19,0.38,1.6,90,< 0.003,0.093,< 0.02,0.0033,0.9,< 0.01,0.034,0.022,< 4,< 0.02,3.8,0.16,120,< 0.006
BR-102,WALLOUPA MINE EAST DRAINAGE TUNNEL NR GOLD RUN CA,3.91144E+14,5/5/1999,15:21,Laboratory Replicate,0.01,360,< 20 ,< 6,30,0.11,0.005,15,0.66,2,10,< 3,0.08,12,0.5,0.29,0.11,870,0.54,0.096,0.99,1.7,7.2,0.022,7.1,780,0.06,1.5,1.7,73,0.11,0.37,2.7,0.002,26,0.1,< 0.2,< 2,19,0.39,1.4,90,< 0.003,0.09,< 0.02,0.0031,0.7,< 0.01,0.037,0.022,< 4,< 0.02,3.8,0.17,120,< 0.006
DC-02,DEER C AB SCOTTS FLAT RES NR NEVADA CITY CA,3.91731E+14,1/27/2000,10:00,Environmental,ND,70,< 20,4,12,< 0.07,0.003,2.9,0.022,0.16,0.22,< 0.4,< 0.2,0.48,0.024,0.015,0.008,79,0.023,0.0047,0.36,0.1,0.27,0.0018,0.85,8.7,0.33,1.8,0.12,1.1,0.099,0.03,0.79,< 0.002,0.4,0.033,< 0.3,< 0.2,10,0.027,7.3,28,ND,0.0032,< 0.05,0.013,ND,< 0.003,0.002,0.052,< 2,0.023,0.14,0.015,13,0.037
DC-02,DEER C AB SCOTTS FLAT RES NR NEVADA CITY CA,3.91731E+14,1/27/2000,10:01,Laboratory Replicate,ND,66,< 20,5,11,< 0.07,0.004,3,0.026,0.16,0.23,< 0.4,< 0.2,0.46,0.018,0.014,0.0071,88,0.026,0.0047,0.39,0.099,0.33,0.0015,0.85,8,0.35,1.8,0.12,1.1,0.1,0.03,0.73,0.002,0.4,0.029,0.4,< 0.2,10,0.023,7.7,28,ND,0.0042,< 0.05,0.012,ND,0.004,0.002,0.052,< 2,0.027,0.14,0.013,13,0.036
DC-03,DEER C BL SCOTTS FLAT RES NR NEVADA CITY CA,3.91617E+14,1/27/2000,13:30,Environmental,ND,84,< 20,6,25,< 0.07,0.003,3.3,0.03,0.29,0.62,< 0.4,< 0.2,0.39,0.025,0.015,0.01,300,0.034,0.0059,0.41,0.16,0.26,0.0016,0.99,120,0.11,1.8,0.17,1,0.13,0.04,0.96,< 0.002,0.7,0.035,< 0.3,0.3,8.5,0.036,6.7,34,ND,0.0054,< 0.05,0.018,ND,0.005,0.003,0.024,< 2,0.011,0.18,0.012,13,0.024
DC-03,DEER C BL SCOTTS FLAT RES NR NEVADA CITY CA,3.91617E+14,1/27/2000,13:31,Laboratory Replicate,ND,79,< 20,6,25,< 0.07,0.007,3.3,0.035,0.29,0.62,< 0.4,< 0.2,0.4,0.028,0.017,0.0075,300,0.038,0.0067,0.41,0.16,0.25,0.0024,1,110,0.14,1.8,0.18,0.96,0.13,0.04,0.95,< 0.002,0.7,0.03,< 0.3,< 0.2,8.6,0.036,6.5,33,ND,0.0049,< 0.05,0.015,ND,0.006,0.002,0.021,< 2,< 0.008,0.16,0.015,12,0.015
DC-05,DEER C BL DEER C FALLS NR ROUGH AND READY CA,3.9144E+14,8/24/2000,10:00,Environmental,ND,100,< 20 ,20,23,< 0.1 ,0.034,8.1,< 0.08 ,0.091,0.044,< 3 ,0.29,1.9,0.014,< 0.008 ,0.0028,200,0.022,0.0022,0.89,0.046,0.77,0.0015,2.6,9.6,0.36,3.6,0.05,1.5,0.24,0.01,0.93,0.004,1.5,0.11,ND,< 1 ,16,0.014,ND,55,ND,0.0025,< 0.07 ,0.0072,ND,< 0.07 ,< 0.001 ,0.009,< 2 ,ND,0.072,0.007,15,0.037
DC-05,DEER C BL DEER C FALLS NR ROUGH AND READY CA,3.9144E+14,8/24/2000,10:01,Laboratory Replicate,ND,96,< 20 ,24,21,< 0.1 ,0.034,7.7,< 0.08 ,0.082,0.045,< 3 ,0.1,1.8,0.014,0.009,0.0044,180,0.018,0.0023,0.94,0.04,0.68,0.0021,2.4,10,0.34,3.7,0.04,0.94,0.49,0.01,0.98,0.005,1.6,0.11,ND,< 1 ,16,0.011,ND,52,ND,0.003,< 0.07 ,0.0069,ND,< 0.07 ,< 0.001 ,0.008,< 2 ,ND,0.069,0.007,51,0.036
DC-08,UNNAMED TRIB TO DEER C A SCOTTS FLAT RES BL CASCI,3.91728E+14,1/27/2000,11:00,Environmental,ND,280,< 20,4,31,< 0.07,0.013,4.6,0.021,0.75,0.2,< 0.4,< 0.2,0.75,0.071,0.044,0.019,240,0.066,0.016,1,0.31,0.55,0.0061,1.9,9.3,0.12,2.8,0.38,1.4,0.17,0.09,2.4,< 0.002,0.5,0.057,< 0.3,< 0.2,26,0.078,2.1,66,ND,0.012,< 0.05,0.047,ND,0.004,0.006,0.054,< 2,< 0.008,0.36,0.039,3.9,0.087
DC-08,UNNAMED TRIB TO DEER C A SCOTTS FLAT RES BL CASCI,3.91728E+14,1/27/2000,11:01,Laboratory Replicate,ND,280,< 20,< 2,31,< 0.07,0.004,4.7,0.015,0.76,0.18,< 0.4,< 0.2,0.75,0.06,0.038,0.019,260,0.076,0.015,1.1,0.32,0.61,0.0071,1.9,8.1,0.14,2.8,0.41,1.4,0.17,0.09,2.5,< 0.002,0.4,0.052,< 0.3,< 0.2,28,0.081,1.6,68,ND,0.012,< 0.05,0.053,ND,0.006,0.006,0.055,2,0.009,0.38,0.037,2.7,0.096
LY-04,YUBA R NR SMARTSVILLE CA,11419600,12/11/2002,11:00,Environmental,ND,24,< 40 ,9,9.5,< 0.03 ,0.019,9.5,0.026,0.059,< 0.01 ,< 7 ,< 0.2 ,0.68,0.008,0.004,< 0.003 ,35,0.008,0.0023,0.5,0.039,0.6,< 0.001 ,2.7,5.2,0.4,2.1,0.043,0.56,0.048,0.01,0.52,< 0.002 ,1.5,0.18,ND,< 1 ,12,0.012,ND,50,ND,0.001,< 0.07 ,< 0.008 ,ND,< 0.02 ,< 0.001 ,0.046,< 10 ,< 0.05 ,0.055,0.004,2.6,< 0.01 
LY-04,YUBA R NR SMARTSVILLE CA,11419600,12/11/2002,11:01,Laboratory Replicate,ND,24,< 40 ,< 5 ,9.6,< 0.03 ,< 0.01 ,9.4,< 0.02 ,0.055,< 0.01 ,< 7 ,< 0.2 ,0.61,0.01,0.004,< 0.003 ,36,< 0.005 ,0.0013,0.41,0.037,0.62,0.001,2.7,5.2,< 0.4 ,2.1,0.041,0.54,< 0.03 ,0.01,0.51,< 0.002 ,1.6,< 0.2 ,ND,< 1 ,12,0.005,ND,51,ND,0.0012,< 0.07 ,< 0.008 ,ND,< 0.02 ,< 0.001 ,0.044,< 10 ,< 0.05 ,0.056,< 0.003 ,39,< 0.01 
LY-05,YUBA R A DAQUERRA PT NR BROWNS VALLEY CA,11420800,12/10/2002,11:40,Environmental,ND,22,< 40 ,7,10,< 0.03 ,< 0.01 ,9.4,< 0.02 ,0.047,< 0.01 ,< 7 ,< 0.2 ,0.79,0.004,0.007,< 0.003 ,37,0.009,0.0025,0.52,0.036,0.76,0.0011,2.7,3.7,< 0.4 ,2.1,0.035,0.55,< 0.03 ,0.01,0.51,< 0.002 ,1.7,< 0.2 ,ND,< 1 ,11,0.008,ND,52,ND,< 0.0008 ,< 0.07 ,< 0.008 ,ND,< 0.02 ,< 0.001 ,0.038,< 10 ,< 0.05 ,0.048,0.004,1.6,< 0.01 
LY-05,YUBA R A DAQUERRA PT NR BROWNS VALLEY CA,11420800,12/10/2002,11:41,Laboratory Replicate,ND,20,< 40 ,12,10,< 0.03 ,0.014,9.6,< 0.02 ,0.048,< 0.01 ,7.7,< 0.2 ,0.66,0.01,0.005,< 0.003 ,53,0.012,0.0016,0.53,0.031,0.61,0.0017,2.8,4.3,< 0.4 ,2.1,0.03,0.51,< 0.03 ,0.01,0.5,< 0.002 ,1.7,< 0.2 ,ND,< 1 ,12,0.007,ND,51,ND,0.0014,< 0.07 ,< 0.008 ,ND,< 0.02 ,< 0.001 ,0.033,< 10 ,< 0.05 ,0.047,0.008,2.2,< 0.01 
LY-08,YUBA R A MARYSVILLE CA,11421500,12/11/2002,10:00,Environmental,ND,25,< 40 ,5,12,< 0.03 ,< 0.01 ,10,< 0.02 ,0.042,< 0.01 ,< 7 ,< 0.2 ,0.53,0.007,< 0.004 ,< 0.003 ,51,0.009,0.0009,0.51,0.024,0.56,< 0.001 ,3.3,13,< 0.4 ,2.2,0.02,0.4,< 0.03 ,0.01,0.46,< 0.002 ,2.1,< 0.2 ,ND,< 1 ,11,0.005,ND,56,ND,< 0.0008 ,< 0.07 ,< 0.008 ,ND,< 0.02 ,< 0.001 ,0.024,< 10 ,< 0.05 ,0.03,< 0.003 ,0.9,< 0.01 
LY-08,YUBA R A MARYSVILLE CA,11421500,12/11/2002,10:01,Laboratory Replicate,ND,27,< 40 ,13,13,< 0.03 ,< 0.01 ,10,< 0.02 ,0.043,< 0.01 ,< 7 ,< 0.2 ,0.52,0.005,< 0.004 ,< 0.003 ,53,0.007,0.0012,0.47,0.025,0.6,< 0.001 ,3.4,13,< 0.4 ,2.4,0.026,0.42,< 0.03 ,0,0.48,< 0.002 ,2.1,< 0.2 ,ND,< 1 ,12,< 0.004 ,ND,56,ND,0.0013,< 0.07 ,< 0.008 ,ND,< 0.02 ,< 0.001 ,0.024,< 10 ,< 0.05 ,0.034,0.004,1.1,< 0.01 
LY-16,T POND IN YUBA GOLDFIELDS NR HAMMONTON CA,3.91259E+14,7/17/2003,13:00,Environmental,ND,16,< 70 ,< 6 ,36,< 0.04 ,< 0.02 ,7.3,0.15,0.046,0.053,< 1 ,0.18,0.32,0.01,0.007,< 0.002 ,250,0.008,< 0.0009 ,0.69,0.033,1.6,0.0011,2.3,10,< 0.6 ,3.7,0.029,0.15,0.13,0.01,0.7,0.004,0.5,< 0.06 ,ND,< 0.9 ,27,0.008,ND,68,ND,< 0.002 ,< 0.07 ,< 0.003 ,ND,< 0.06 ,< 0.0005 ,< 0.004 ,< 2 ,ND,0.034,0.005,17,< 0.02 
LY-16,T POND IN YUBA GOLDFIELDS NR HAMMONTON CA,3.91259E+14,7/17/2003,13:01,Laboratory Replicate,ND,16,< 70 ,< 6 ,39,< 0.04 ,< 0.02 ,7.4,0.037,0.049,0.051,< 1 ,< 0.03 ,0.34,0.007,< 0.004 ,< 0.002 ,239,0.009,0.0018,0.7,0.033,0.95,0.0011,2.3,9.9,< 0.6 ,3.7,0.03,0.1,0.09,0.01,0.72,0.006,0.5,0.12,ND,< 0.9 ,27,0.01,ND,68,ND,< 0.002 ,< 0.07 ,< 0.003 ,ND,< 0.06 ,< 0.0005 ,< 0.004 ,< 2 ,ND,0.035,0.004,2.9,< 0.02 
MY-01,M YUBA R BL MILTON DAM CA,11408550,10/28/2002,12:00,Environmental,ND,8.3,< 30 ,6,6.6,< 0.04 ,< 0.01 ,4.8,< 0.01 ,0.019,< 0.02 ,< 3 ,< 0.1 ,0.46,< 0.005 ,< 0.005 ,< 0.002 ,139,< 0.004 ,< 0.001 ,0.83,0.017,0.53,< 0.0007 ,0.87,17,< 0.5 ,1.6,0.011,0.06,0.043,0,2.1,< 0.002 ,0.4,< 0.2 ,ND,< 2 ,15,< 0.005 ,ND,42,ND,< 0.0008 ,< 0.08 ,< 0.003 ,ND,< 0.04 ,< 0.0005 ,0.021,< 9 ,< 0.05 ,0.017,< 0.002 ,2,< 0.02 
MY-01,M YUBA R BL MILTON DAM CA,11408550,10/28/2002,12:01,Laboratory Replicate,ND,7.3,< 30 ,< 4 ,6.8,< 0.04 ,< 0.01 ,4.9,< 0.01 ,0.025,< 0.02 ,< 3 ,< 0.1 ,0.62,< 0.005 ,< 0.005 ,< 0.002 ,144,0.004,< 0.001 ,0.87,0.018,0.63,< 0.0007 ,0.91,17,< 0.5 ,1.6,0.015,< 0.1 ,0.046,0,2.1,< 0.002 ,0.5,< 0.2 ,ND,< 2 ,16,< 0.005 ,ND,44,ND,< 0.0008 ,< 0.08 ,< 0.003 ,ND,< 0.04 ,< 0.0005 ,0.021,< 9 ,< 0.05 ,0.021,< 0.002 ,43,< 0.02 
MY-01,M YUBA R BL MILTON DAM CA,11408550,6/10/2003,10:30,Environmental,ND,15,82,11,6.1,< 0.06 ,0.019,4.2,< 0.01 ,0.044,< 0.02 ,< 3 ,0.04,0.55,0.007,0.005,< 0.002 ,71,0.011,0.0011,0.58,0.035,0.38,0.0011,0.76,11,1.6,1.4,0.035,0.13,0.21,0.01,1.4,< 0.001 ,0.3,< 0.1 ,ND,< 0.6 ,15,< 0.008 ,ND,39,ND,0.0011,< 0.06 ,< 0.003 ,ND,< 0.08 ,0.002,0.042,< 3 ,< 0.05 ,0.05,0.009,1.4,0.055
MY-01,M YUBA R BL MILTON DAM CA,11408550,6/10/2003,10:31,Laboratory Replicate,ND,14,< 60 ,< 8 ,6,< 0.06 ,0.017,4.3,0.017,0.044,< 0.02 ,< 3 ,< 0.04 ,0.53,0.008,0.006,< 0.002 ,54,0.006,0.003,0.68,0.034,0.37,0.0009,0.78,10,< 1 ,1.4,0.046,0.26,0.053,0.01,1.6,< 0.001 ,0.4,< 0.1 ,ND,< 0.6 ,15,0.009,ND,39,ND,0.0024,< 0.06 ,< 0.003 ,ND,< 0.08 ,0.002,0.027,< 3 ,< 0.05 ,0.052,0.006,1.4,0.026
MY-02,M YUBA R NR ALLEGHANY CA,11408700,11/1/2002,12:20,Environmental,ND,3.3,< 40 ,9,9.9,< 0.04 ,< 0.01 ,22,< 0.01 ,0.007,< 0.02 ,< 7 ,< 0.1 ,0.25,< 0.005 ,< 0.005 ,< 0.002 ,< 20 ,< 0.004 ,< 0.001 ,0.38,0.008,0.48,< 0.0007 ,3.1,0.18,< 0.5 ,2.3,0.007,0.14,0.035,0,0.66,< 0.002 ,1.6,< 0.2 ,ND,< 2 ,13,< 0.005 ,ND,105,ND,< 0.0008 ,< 0.08 ,< 0.003 ,ND,< 0.04 ,< 0.0005 ,0.78,< 10 ,< 0.05 ,0.009,< 0.002 ,2.4,< 0.02 
MY-02,M YUBA R NR ALLEGHANY CA,11408700,11/1/2002,12:21,Laboratory Replicate,ND,3.2,< 40 ,< 5 ,11,< 0.04 ,0.015,21,< 0.01 ,0.008,< 0.02 ,< 7 ,< 0.1 ,0.28,< 0.005 ,< 0.005 ,< 0.002 ,< 20 ,< 0.004 ,< 0.001 ,0.39,0.008,0.47,< 0.0007 ,3.2,0.18,< 0.5 ,2.2,< 0.004 ,0.08,< 0.02 ,0,0.69,< 0.002 ,1.5,< 0.2 ,ND,< 2 ,13,< 0.005 ,ND,107,ND,< 0.0008 ,< 0.08 ,< 0.003 ,ND,< 0.04 ,< 0.0005 ,0.81,< 10 ,< 0.05 ,0.008,< 0.002 ,1.9,< 0.02 
MY-03,M YUBA R NR CAMPTONVILLE CA,11408850,11/4/2002,12:50,Environmental,ND,7,< 40 ,32,13,< 0.04 ,< 0.01 ,20,< 0.01 ,0.021,< 0.02 ,< 7 ,< 0.1 ,0.32,0.006,< 0.005 ,< 0.002 ,< 20 ,0.004,< 0.001 ,0.46,0.012,1.3,< 0.0007 ,4.6,1.1,< 0.5 ,3.4,0.013,0.64,0.041,0,0.7,< 0.002 ,3.5,0.33,ND,< 2 ,12,< 0.005 ,ND,111,ND,< 0.0008 ,< 0.08 ,< 0.003 ,ND,< 0.04 ,< 0.0005 ,0.55,< 10 ,< 0.05 ,0.012,< 0.002 ,2.3,< 0.02 
MY-03,M YUBA R NR CAMPTONVILLE CA,11408850,11/4/2002,12:51,Laboratory Replicate,ND,7.7,< 40 ,39,13,< 0.04 ,< 0.01 ,20,< 0.01 ,0.02,< 0.02 ,< 7 ,< 0.1 ,0.39,< 0.005 ,< 0.005 ,< 0.002 ,< 20 ,< 0.004 ,< 0.001 ,0.43,0.012,1.2,0.0012,4.5,1.1,< 0.5 ,3.4,0.012,0.68,0.034,0,0.65,< 0.002 ,3.4,0.28,ND,< 2 ,12,< 0.005 ,ND,106,ND,0.0011,< 0.08 ,< 0.003 ,ND,< 0.04 ,0.0008,0.54,< 10 ,< 0.05 ,0.014,< 0.002 ,4.1,< 0.02 
MY-04,M YUBA R NR NORTH SAN JUAN CA,11410000,6/20/2001,10:30,Environmental,ND,51,< 90 ,24,20,< 0.02 ,< 0.01 ,16,0.085,0.089,0.083,< 3 ,0.21,1,0.012,< 0.005 ,< 0.002 ,97,0.012,0.0011,0.65,0.06,1.1,0.0009,4,11,< 0.5 ,3.6,0.044,1.3,0.2,0.01,1.2,0.002,2.5,0.43,ND,< 0.7 ,19,0.013,ND,94,ND,0.0011,< 0.04 ,< 0.003 ,ND,< 0.05 ,< 0.0009 ,0.1,< 3 ,0.057,0.046,0.004,5,< 0.01 
MY-04,M YUBA R NR NORTH SAN JUAN CA,11410000,6/20/2001,10:31,Laboratory Replicate,ND,66,< 90 ,23,20,< 0.02 ,0.013,14,0.1,0.11,0.1,< 3 ,0.21,1.1,0.009,< 0.005 ,0.0027,114,0.011,0.0015,0.67,0.062,1.2,0.001,3.9,12,0.59,3.7,0.059,1.4,0.2,0.01,1.2,0.002,2.4,0.5,ND,< 0.7 ,18,0.012,ND,95,ND,0.0011,< 0.04 ,< 0.003 ,ND,< 0.05 ,< 0.0009 ,0.1,< 3 ,< 0.05 ,0.048,0.003,4,< 0.01 
MY-04,M YUBA R NR NORTH SAN JUAN CA,11410000,10/21/2002,13:00,Environmental,ND,11,< 30 ,25,19,< 0.04 ,< 0.01 ,21,< 0.01 ,0.023,0.018,< 3 ,0.78,0.44,< 0.005 ,< 0.005 ,< 0.002 ,23,0.005,< 0.001 ,0.59,0.015,1.2,< 0.0007 ,5.1,7.2,< 0.5 ,3.5,0.011,0.52,0.036,0,0.89,< 0.002 ,3.6,0.32,ND,< 2 ,14,< 0.005 ,ND,115,ND,< 0.0008 ,< 0.08 ,< 0.003 ,ND,< 0.04 ,< 0.0005 ,0.32,< 9 ,< 0.05 ,0.013,< 0.002 ,1.8,< 0.02 
MY-04,M YUBA R NR NORTH SAN JUAN CA,11410000,10/21/2002,13:01,Laboratory Replicate,ND,9.4,< 30 ,33,19,< 0.04 ,< 0.01 ,21,< 0.01 ,0.023,< 0.02 ,< 3 ,< 0.1 ,0.42,< 0.005 ,< 0.005 ,< 0.002 ,22,0.004,< 0.001 ,0.75,0.013,1.2,< 0.0007 ,5,7.3,< 0.5 ,4.1,0.013,0.39,0.052,0,0.89,< 0.002 ,3.7,0.28,ND,< 2 ,14,< 0.005 ,ND,114,ND,< 0.0008 ,< 0.08 ,< 0.003 ,ND,< 0.04 ,< 0.0005 ,0.32,< 9 ,< 0.05 ,0.009,< 0.002 ,1.6,< 0.02 
MY-07,M YUBA R AB COLGATE PH NR FRENCH CORRAL CA,3.9195E+14,2/28/2001,16:00,Environmental,ND,26,< 90 ,18,15,0.04,< 0.02 ,11,< 0.04 ,0.066,0.061,< 3 ,0.09,1.4,< 0.01 ,0.011,< 0.003 ,37,0.01,0.0033,0.64,0.038,1.6,0.0017,3.3,6.3,< 0.5 ,3.6,0.038,0.78,0.082,0.01,0.61,< 0.004 ,2.9,0.24,ND,< 1 ,17,0.015,ND,71,ND,< 0.001 ,< 0.07 ,< 0.005 ,ND,< 0.05 ,< 0.002 ,0.067,< 3 ,0.13,0.072,0.009,2.8,< 0.01 
MY-07,M YUBA R AB COLGATE PH NR FRENCH CORRAL CA,3.9195E+14,10/25/2002,10:50,Environmental,ND,3.2,< 30 ,31,19,< 0.04 ,< 0.01 ,21,< 0.01 ,0.009,< 0.02 ,< 3 ,< 0.1 ,0.79,< 0.005 ,< 0.005 ,< 0.002 ,< 10 ,0.004,< 0.001 ,0.64,0.007,1.5,< 0.0007 ,5.1,1.8,< 0.5 ,6.5,< 0.004 ,0.36,0.056,0,0.79,< 0.002 ,4,0.26,ND,< 2 ,14,< 0.005 ,ND,109,ND,< 0.0008 ,< 0.08 ,< 0.003 ,ND,< 0.04 ,< 0.0005 ,0.25,< 9 ,< 0.05 ,0.008,< 0.002 ,1.7,< 0.02 
MY-07,M YUBA R AB COLGATE PH NR FRENCH CORRAL CA,3.9195E+14,10/25/2002,10:51,Laboratory Replicate,ND,4.2,< 30 ,30,19,< 0.04 ,< 0.01 ,18,< 0.01 ,0.009,0.018,< 3 ,0.19,0.59,< 0.005 ,< 0.005 ,< 0.002 ,< 10 ,< 0.004 ,< 0.001 ,0.68,0.006,1.5,< 0.0007 ,4.6,1.7,0.6,5.5,< 0.004 ,0.37,0.057,0,0.8,0.002,3.8,0.35,ND,< 2 ,14,< 0.005 ,ND,109,ND,< 0.0008 ,< 0.08 ,< 0.003 ,ND,< 0.04 ,< 0.0005 ,0.26,< 9 ,< 0.05 ,0.008,< 0.002 ,3,< 0.02 
SY-01,OMEGA EAST SHAFT (TUNNEL VENT SHAFT) NR WASHINGTON,3.92022E+14,4/30/1999,13:20,Environmental,0.005,51,< 20 ,< 6,73,< 0.04,< 0.003,2.7,0.065,0.68,6.8,< 3,< 0.05,2.6,0.053,0.03,0.018,3200,0.074,0.011,1.2,0.45,5.7,0.004,1.2,290,0.04,0.94,0.39,11,0.11,0.1,3.4,< 0.002,2.1,0.12,0.2,< 2,9.9,0.071,1.5,64,ND,0.011,< 0.02,0.017,< 0.5,< 0.01,0.0031,0.034,< 4,< 0.02,0.33,0.025,15,0.027
SY-01,OMEGA EAST SHAFT (TUNNEL VENT SHAFT) NR WASHINGTON,3.92022E+14,4/30/1999,13:21,Laboratory Replicate,0.11,56,< 20 ,< 6,71,< 0.04,0.006,2.6,0.1,0.61,6.9,< 3,< 0.05,2.7,0.05,0.033,0.016,3300,0.064,0.011,1.2,0.38,5.8,0.0038,1.2,290,0.36,0.65,0.4,10,0.086,0.1,3.5,< 0.002,2,0.14,< 0.2,< 2,10,0.073,2.7,63,ND,0.01,< 0.02,0.017,< 0.5,< 0.01,0.004,0.031,< 4,< 0.02,0.42,0.023,18,0.027
SY-03,OMEGA SOUTH TUNNEL NR WASHINGTON CA,3.9202E+14,4/30/1999,12:30,Environmental,0.01,41,< 20 ,< 6,54,0.06,0.004,1.9,< 0.03,0.83,2.8,< 3,< 0.05,1.3,0.092,0.049,0.024,1100,0.12,0.018,0.78,0.74,4.5,0.0052,1.1,170,0.03,0.61,0.63,10,0.17,0.18,2.5,< 0.002,2.6,0.12,< 0.2,< 2,7.5,0.11,1.5,45,ND,0.018,0.03,0.0038,< 0.5,< 0.01,0.0062,0.013,< 4,< 0.02,0.61,0.032,15,< 0.006
SY-03,OMEGA SOUTH TUNNEL NR WASHINGTON CA,3.9202E+14,4/30/1999,12:31,Laboratory Replicate,0.01,43,< 20 ,< 6,53,< 0.04,< 0.003,1.8,0.053,0.78,2.8,< 3,< 0.05,1.4,0.088,0.043,0.027,1100,0.11,0.017,0.77,0.69,4.4,0.0042,1.1,170,0.04,0.61,0.59,11,0.058,0.16,2.7,< 0.002,2.6,0.12,< 0.2,< 2,7.5,0.11,1.9,44,ND,0.018,0.03,0.0033,< 0.5,< 0.01,0.0065,0.013,< 4,0.027,0.66,0.027,16,< 0.006
SY-04,OMEGA DR GULCH A SCOTCHMAN C NR WASHINGTON CA,3.92045E+14,6/8/1999,13:30,Environmental,< 0.002,16,0.17,< 4,5.5,< 0.006,< 0.003,7.7,0.003,0.2,0.04,< 0.2,< 0.001,0.25,0.018,0.008,0.0056,38,0.025,0.0034,0.32,0.14,0.73,0.0011,2,2.5,0.09,2.7,0.14,0.75,0.052,0.03,0.23,< 0.0003,ND,0.01,ND,< 0.08,14,0.025,ND,50,ND,0.0035,< 0.007,0.0007,ND,0.001,0.001,0.03,< 0.07,ND,0.099,0.0063,0.74,ND
SY-04,OMEGA DR GULCH A SCOTCHMAN C NR WASHINGTON CA,3.92045E+14,6/8/1999,13:31,Laboratory Replicate,0.003,16,0.15,< 4,5.5,< 0.006,< 0.003,7.4,0.004,0.2,0.039,< 0.2,< 0.001,0.26,0.017,0.008,0.0053,75,0.024,0.003,0.31,0.14,0.71,0.0008,1.9,2.5,0.08,2.7,0.14,0.72,0.057,0.04,0.23,0,ND,0.009,ND,< 0.08,13,0.026,ND,50,ND,0.0031,< 0.007,0.0008,ND,0.001,0.001,0.03,< 0.07,ND,0.1,0.0066,0.74,ND
SY-05,SCOTCHMAN C AB OMEGA DR GULCH NR WASHINGTON CA,3.92042E+14,6/8/1999,14:30,Environmental,0.003,8.3,0.13,< 4,11,< 0.006,0.006,4,0.002,0.089,0.037,< 0.2,< 0.001,0.2,0.012,0.006,0.0032,19,0.014,0.002,0.42,0.059,0.36,0.0005,1.1,1.5,0.03,1.8,0.07,0.42,0.019,0.02,0.71,< 0.0003,ND,0.01,ND,< 0.08,13,0.014,ND,41,ND,0.002,< 0.007,0.0006,ND,0.001,0.001,0.012,0.22,ND,0.064,0.0048,0.56,ND
SY-05,SCOTCHMAN C AB OMEGA DR GULCH NR WASHINGTON CA,3.92042E+14,6/8/1999,14:31,Laboratory Replicate,0.002,8.4,0.12,< 4,11,< 0.006,< 0.003,4.1,0.002,0.09,0.033,< 0.2,< 0.001,0.19,0.01,0.005,0.0038,17,0.015,0.0021,0.44,0.061,0.37,0.0008,1.2,1.6,0.03,1.8,0.072,0.4,0.021,0.02,0.7,< 0.0003,ND,0.009,ND,< 0.08,13,0.016,ND,40,ND,0.0024,< 0.007,0.0005,ND,0.001,0.0008,0.012,0.22,ND,0.063,0.0054,0.54,ND
SY-06,ALPHA MINE RED TUNNEL NR WASHINGTON,3.92023E+14,12/16/1999,11:20,Environmental,ND,100,< 20,< 9,87,0.04,0.011,1.4,0.15,0.29,2.4,< 2,< 2,3.3,0.074,0.038,0.017,210,0.091,0.014,0.76,0.14,1.2,0.0054,0.61,140,< 0.06,0.47,0.18,6.4,0.13,0.04,2,0.004,2.8,0.024,< 0.9,< 0.6,6.7,0.051,5.9,7.9,ND,0.014,< 0.02,0.0094,ND,0.031,0.0056,0.022,< 4,0.008,0.4,0.04,31,0.014
SY-06,ALPHA MINE RED TUNNEL NR WASHINGTON,3.92023E+14,12/16/1999,11:21,Laboratory Replicate,ND,110,< 20,< 9,58,< 0.03,< 0.004,1.4,0.19,0.19,2.5,< 2,< 2,3.3,0.053,0.035,0.012,220,0.065,0.012,0.81,0.097,1.5,0.0042,0.61,150,0.07,0.25,0.17,6.3,0.077,0.03,2.2,0.002,2.8,0.029,< 0.9,< 0.6,6.9,0.042,5.1,9.7,ND,0.0087,< 0.02,0.0067,ND,0.03,0.0044,0.02,< 4,< 0.005,0.51,0.027,32,0.014
SY-07,ALPHA MINE MAIN DRAINAGE N ALPHA DIG NR WASHINGTON,3.92108E+14,6/20/2000,13:30,Environmental,ND,67,< 20 ,< 50 ,23,< 0.1 ,0.021,8.4,< 0.08 ,0.17,0.095,< 2 ,0.25,1.2,0.013,< 0.004 ,< 0.003 ,230,0.012,< 0.001 ,0.41,0.086,0.34,0.0013,2,23,< 0.2 ,1.9,0.077,0.99,< 0.1 ,0.02,0.29,< 0.003 ,2.3,0.078,ND,< 0.7 ,13,0.019,ND,49,ND,0.0015,< 0.1 ,0.0024,ND,< 0.02 ,0.0011,< 0.008 ,2.2,ND,0.053,0.006,5.9,0.022
SY-07,ALPHA MINE MAIN DRAINAGE N ALPHA DIG NR WASHINGTON,3.92108E+14,6/20/2000,13:31,Laboratory Replicate,ND,70,< 20 ,50,23,< 0.1 ,0.028,8.1,< 0.08 ,0.16,0.12,< 2 ,0.37,1.2,0.01,0.004,< 0.003 ,240,0.013,0.0013,0.53,0.075,2.9,0.0014,2,24,< 0.2 ,3.9,0.077,1.1,0.25,0.02,0.51,< 0.003 ,2.1,0.078,ND,< 0.7 ,12,0.015,ND,50,ND,0.0019,< 0.1 ,0.0035,ND,< 0.02 ,0.001,< 0.008 ,< 0.9 ,ND,0.051,0.005,20,0.023
SY-10,SCOTCHMAN C BL FALLS NR WASHINGTON CA,3.92119E+14,6/20/2000,14:00,Environmental,ND,44,< 20 ,< 9 ,20,< 0.1 ,0.019,6.9,< 0.08 ,0.21,0.056,< 3 ,0.1,1.3,0.013,< 0.008 ,0.0033,86,0.023,0.0023,0.27,0.12,0.57,< 0.001 ,1.7,5.2,< 0.1 ,2.1,0.1,1,< 0.1 ,0.03,0.7,< 0.003 ,1.5,0.055,ND,< 1 ,15,0.019,ND,50,ND,0.0022,< 0.07 ,0.011,ND,< 0.07 ,< 0.001 ,0.016,< 2 ,ND,0.089,0.007,2.8,0.022
SY-10,SCOTCHMAN C BL FALLS NR WASHINGTON CA,3.92119E+14,6/20/2000,14:01,Laboratory Replicate,ND,45,< 20 ,< 9 ,18,< 0.1 ,0.019,6.2,< 0.08 ,0.2,0.057,< 3 ,0.11,1.2,0.016,< 0.008 ,0.0062,83,0.019,0.0032,0.27,0.12,0.72,0.0016,1.5,5.2,< 0.1 ,2.1,0.11,1.1,< 0.1 ,0.03,0.7,< 0.003 ,1.4,0.061,ND,< 1 ,11,0.022,ND,44,ND,0.0033,< 0.07 ,0.0064,ND,< 0.07 ,< 0.001 ,0.015,< 2 ,ND,0.091,0.007,3,0.024
SY-11,ALPHA MINE PIT NR WASHINGTON CA,3.92015E+14,12/16/1999,10:30,Environmental,ND,220,< 20,< 9,47,< 0.03,0.005,4.2,1,0.93,10,< 2,< 2,3.9,0.2,0.091,0.051,1200,0.23,0.034,0.87,0.35,3.6,0.016,2.6,440,0.14,0.36,0.68,29,0.65,0.15,1.9,0.002,8.7,0.072,< 0.9,< 0.6,6.4,0.18,6.2,16,ND,0.026,< 0.02,0.05,ND,0.012,0.013,0.052,< 4,0.01,0.82,0.081,170,0.049
SY-11,ALPHA MINE PIT NR WASHINGTON CA,3.92015E+14,12/16/1999,10:31,Laboratory Replicate,ND,220,< 20,< 9,48,0.03,0.008,4.5,1.1,0.87,11,< 2,< 2,3.9,0.18,0.1,0.057,1300,0.23,0.038,0.9,0.33,3.5,0.012,2.7,460,0.18,0.4,0.68,30,0.64,0.14,2,< 0.002,9.1,0.085,< 0.9,< 0.6,6.7,0.18,5.8,18,ND,0.032,< 0.02,0.048,ND,0.013,0.012,0.055,< 4,0.007,0.78,0.081,190,0.057
SY-13,ALPHA MINE PIT LK NR WASHINGTON CA,3.92007E+14,8/23/2000,14:50,Environmental,ND,20,< 20 ,< 50 ,3.4,< 0.1 ,0.022,0.14,< 0.08 ,0.17,0.24,< 2 ,0.16,6.5,0.021,0.011,0.0087,150,0.02,0.0041,0.36,0.059,0.77,0.0017,< 0.07 ,8.3,< 0.2 ,0.31,0.1,2.9,0.52,0.02,0.98,< 0.003 ,0.1,0.18,ND,< 0.7 ,< 0.7 ,0.027,ND,1.9,ND,0.0034,< 0.1 ,0.0089,ND,< 0.02 ,0.0012,0.02,< 0.9 ,ND,0.091,0.009,6.1,0.042
SY-13,ALPHA MINE PIT LK NR WASHINGTON CA,3.92007E+14,8/23/2000,14:51,Laboratory Replicate,ND,22,< 20 ,< 50 ,3.4,< 0.1 ,0.016,0.21,< 0.08 ,0.14,0.23,< 2 ,0.12,6.9,0.021,0.013,0.0069,210,0.016,0.0033,0.3,0.063,0.9,0.0017,< 0.07 ,8.1,< 0.2 ,0.37,0.088,3.2,0.7,0.02,0.94,< 0.003 ,0.1,0.19,ND,< 0.7 ,1.2,0.027,ND,1.8,ND,0.0037,< 0.1 ,0.0072,ND,< 0.02 ,0.0019,0.021,< 0.9 ,ND,0.083,0.009,30,0.054
SY-21,MALAKOFF DIGGINGS FLD GREEN SHAFT DISCH NR BLMFLD,3.92152E+14,4/28/1999,16:30,Environmental,0.04,44,< 20 ,66,23,< 0.04,0.005,41,< 0.03,0.34,16,< 3,0.06,0.56,0.031,0.012,0.011,10000,0.034,0.0059,2.2,0.16,16,0.0016,16,3600,0.2,8.8,0.14,15,0.13,0.04,3.7,0.003,50,0.089,0.2,< 2,23,0.033,2.1,640,ND,0.0055,0.03,0.028,0.6,0.014,0.0026,0.008,< 4,< 0.02,0.21,0.01,3.7,0.026
SY-21,MALAKOFF DIGGINGS FLD GREEN SHAFT DISCH NR BLMFLD,3.92152E+14,4/28/1999,16:31,Laboratory Replicate,0.02,42,< 20 ,70,23,< 0.04,0.006,41,< 0.03,0.3,16,< 3,0.08,0.59,0.025,0.012,0.0067,10000,0.028,0.0046,2.2,0.13,16,0.0018,15,3700,0.15,8.9,0.13,14,0.11,0.03,4.3,0.002,51,0.15,0.2,< 2,23,0.028,1.9,650,ND,0.0048,< 0.02,0.03,0.7,< 0.01,0.0015,0.006,< 4,< 0.02,0.2,0.009,3.4,0.026
SY-22,MALAKOFF DIGGINGS FLOODED RED SHAFT NR N BLMFLD,3.92155E+14,4/28/1999,16:00,Environmental,ND,5700,120,< 400 ,90,8,0.29,41,< 0.8 ,370,200,< 2 ,3,28,33,19,8.9,880000,39,6.5,2.4,140,25,1.8,16,4600,13,9,150,340,7.9,35,11,< 0.01 ,61,0.63,ND,< 10 ,190,30,ND,670,ND,5.3,< 1 ,3.7,ND,< 0.4 ,2.3,5.1,< 1 ,ND,200,13,380,8.6
SY-22,MALAKOFF DIGGINGS FLOODED RED SHAFT NR N BLMFLD,3.92155E+14,4/28/1999,16:01,Laboratory Replicate,0.3,6000,90,66,98,7.4,0.12,41,0.34,400,210,6.6,1.5,26,33,17,7.6,870000,40.1,6.4,2.5,140,26,2.3,15,4500,13,9,140,340,9.7,35,12,0.009,64,0.32,< 0.2,3.9,190,30,2.6,770,ND,6,0.05,3.6,39,0.5,2.3,5.3,< 4,0.023,180,13,540,0.5
SY-22,MALAKOFF DIGGINGS FLOODED RED SHAFT NR N BLMFLD,3.92155E+14,12/1/1999,14:20,Environmental,ND,780,< 20,63,27,0.98,0.018,39,0.15,41,150,< 2,< 2,2.6,3.8,2.2,0.9,110000,3.6,0.71,2.3,13,21,0.24,16,4000,1.9,8.9,15,170,1.1,3.4,6.3,0.003,59,0.066,< 0.9,< 0.6,49,3.3,16,650,ND,0.72,< 0.02,0.47,ND,0.14,0.27,0.58,< 4,0.013,24,1.4,120,0.13
SY-22,MALAKOFF DIGGINGS FLOODED RED SHAFT NR N BLMFLD,3.92155E+14,12/1/1999,14:21,Laboratory Replicate,ND,780,< 20,72,27,1.1,0.017,37,0.1,40,170,< 2,< 2,2.7,4.6,2.2,1,96000,4.2,0.79,2.2,13,19,0.23,15,3800,1.8,8.8,17,220,1.2,4.4,5.8,< 0.002,57,0.08,< 0.9,< 0.6,44,3.5,13,640,ND,0.73,< 0.02,0.5,ND,0.29,0.27,0.54,< 4,0.01,24,1.6,150,0.13
SY-23,MALAKOFF DIGGINGS HILLER TNNL DISCH N BLOOMFIELD,3.92204E+14,12/1/1999,12:20,Environmental,ND,1400,< 20,12,75,0.19,0.038,13,0.096,18,19,< 2,< 2,9.5,1.3,0.61,0.47,2500,1.9,0.23,3.5,7.9,4.6,0.086,7.7,690,0.11,2.5,8.8,43,2,2.1,6.6,0.003,17,0.061,2.3,0.7,14,1.7,8.2,170,ND,0.25,< 0.02,1.6,ND,0.021,0.095,0.53,11,< 0.005,5.7,0.52,36,0.36
SY-23,MALAKOFF DIGGINGS HILLER TNNL DISCH N BLOOMFIELD,3.92204E+14,12/1/1999,12:21,Laboratory Replicate,ND,1500,< 20,11,83,0.21,0.052,13,0.088,19,20,< 2,< 2,12,1.6,0.65,0.45,2500,1.8,0.26,3.3,8,4.6,0.1,7.2,670,0.19,2.4,9.1,47,2.3,2.2,7.8,0.004,16,0.069,2,1,14,1.7,7,200,ND,0.28,< 0.02,1.7,ND,0.017,0.094,0.58,9,0.007,5.8,0.56,34,0.48
SY-24,MALAKOFF DIGGINGS POND NR NORTH BLOOMFIELD CA,3.92201E+14,12/1/1999,11:00,Environmental,ND,60,< 20,< 9,11,0.04,0.015,1,0.079,0.33,1.8,< 2,< 2,1.3,0.027,0.012,0.0088,3700,0.031,0.0053,0.32,0.12,0.41,0.0018,0.53,57,0.2,0.3,0.16,2.4,1.6,0.039,0.73,< 0.002,0.7,0.091,< 0.9,< 0.6,0.8,0.037,7.7,11,ND,0.0042,< 0.02,0.063,ND,< 0.006,0.0025,0.011,< 4,0.005,0.14,0.016,16,0.14
SY-24,MALAKOFF DIGGINGS POND NR NORTH BLOOMFIELD CA,3.92201E+14,12/1/1999,11:01,Laboratory Replicate,ND,58,< 20,< 9,13,0.03,0.01,0.92,0.038,0.37,1.8,< 2,< 2,1.2,0.029,0.016,0.011,3600,0.038,0.0061,0.31,0.14,0.33,0.0028,0.54,49,0.15,0.45,0.17,2.4,1.9,0.039,0.62,< 0.002,0.7,0.071,< 0.9,< 0.6,0.8,0.032,6.7,9.3,ND,0.0063,< 0.02,0.048,ND,< 0.006,0.0023,0.012,< 4,0.01,0.12,0.017,15,0.11
SY-25,MALAKOFF DIGGINGS LK CITY TNNL DISCH NR N BLMFLD,3.92111E+14,7/7/1999,13:00,Environmental,0.02,99,< 50 ,20,18,< 0.05,0.011,19,0.014,0.28,0.17,< 3,< 0.06,0.46,0.025,0.011,0.0095,100,0.033,0.0045,0.62,0.14,1.8,0.0015,2.9,9.1,0.11,2.8,0.15,2.5,0.13,0.034,0.71,0.002,3.7,0.088,< 0.4,< 2,14,0.029,1.4,110,< 0.003,0.0048,< 0.02,0.0047,2.6,< 0.007,0.0016,0.082,3,0.013,0.13,0.012,3.9,0.008
SY-25,MALAKOFF DIGGINGS LK CITY TNNL DISCH NR N BLMFLD,3.92111E+14,7/7/1999,13:01,Laboratory Replicate,0.02,100,< 50 ,12,18,< 0.05,0.004,19,0.019,0.21,0.15,< 3,< 0.06,0.48,0.016,0.011,0.0092,110,0.024,0.0035,0.64,0.1,1.7,0.0013,3,8.6,0.12,2.9,0.13,1.7,0.12,0.029,0.72,0.001,3.8,0.11,< 0.4,< 2,14,0.028,0.9,110,< 0.003,0.003,< 0.02,0.005,2,< 0.007,0.0018,0.082,< 3,0.013,0.15,0.01,3.8,0.012
SY-27,MALAKOFF DIGGINGS N BLMFLD TNNL DISCH NR N BLMFLD,3.92051E+14,7/7/1999,11:30,Environmental,0.02,59,< 50 ,250,91,0.13,0.019,47,0.022,1.7,85,3,0.09,1,0.16,0.11,0.048,43000,0.14,0.038,1.4,0.91,20,0.0096,8.9,3100,0.14,13,0.8,230,0.063,0.18,3.6,0.001,25,0.11,< 0.4,< 2,29,0.13,2.5,560,< 0.003,0.021,0.03,0.036,1,< 0.007,0.012,0.26,< 3,0.021,2.7,0.061,15,0.052
SY-27,MALAKOFF DIGGINGS N BLMFLD TNNL DISCH NR N BLMFLD,3.92051E+14,7/7/1999,11:31,Laboratory Replicate,0.04,62,< 50 ,180,86,0.13,0.005,47,0.011,1.5,87,< 3,0.08,0.54,0.15,0.12,0.047,44000,0.17,0.039,1.4,0.92,20,0.011,9,3100,0.1,13,0.79,210,0.069,0.18,2.6,0.002,25,0.097,< 0.4,< 2,29,0.14,0.7,560,< 0.003,0.025,< 0.02,0.037,2,0.011,0.014,0.25,< 3,0.021,2.4,0.086,12,0.05
SY-29,RELIEF HILL DEEP BLUE TNNL OUTFLOW NR N BLOOMFIELD,3.92126E+14,5/20/1999,12:00,Environmental,0.03,580,< 20 ,22,49,0.39,0.005,50,0.66,9.1,120,3,0.08,7.5,1.1,0.59,0.3,6500,1.4,0.21,2.6,6.7,45,0.056,24,2700,0.14,3.7,4.4,460,0.22,1.1,4.6,0.015,85,0.093,0.2,< 2,24,0.9,1.2,400,< 0.003,0.21,< 0.02,0.038,< 0.5,0.014,0.078,0.28,< 4,< 0.02,7,0.4,250,0.063
SY-29,RELIEF HILL DEEP BLUE TNNL OUTFLOW NR N BLOOMFIELD,3.92126E+14,5/20/1999,12:01,Laboratory Replicate,0.02,560,< 20 ,25,48,0.36,0.005,49,0.58,7.8,120,2.7,0.05,7.8,0.94,0.63,0.27,6400,1.2,0.2,2.5,5.5,45,0.052,23,2600,0.18,3.7,4.5,420,0.16,0.97,4.8,0.013,84,0.1,< 0.2,< 2,24,0.95,1,400,< 0.003,0.17,< 0.02,0.038,0.6,< 0.01,0.074,0.29,< 4,< 0.02,8.6,0.38,250,0.049
SY-30,RELIEF HILL HYDR PIT MINE DR TNNL NR N BLOOMFIELD,3.92111E+14,9/1/1999,12:00,Environmental,ND,3200,< 20,62,32,1.2,0.026,33,0.81,70,180,< 2,< 2,42,6.7,3.2,1.8,150,5.8,1.1,2.5,30,45,0.29,21,2500,0.23,4.4,30,340,1.2,7.6,5.5,0.019,75,0.032,< 0.9,1,30,6.6,13,310,ND,1.2,< 0.02,0.12,ND,0.038,0.45,1.4,< 4,0.01,39,2.3,320,0.046
SY-30,RELIEF HILL HYDR PIT MINE DR TNNL NR N BLOOMFIELD,3.92111E+14,9/1/1999,12:01,Laboratory Replicate,ND,2900,< 20,53,36,1.3,0.03,32,0.83,75,170,< 2,< 2,45,6.7,3.1,1.7,140,7.9,1.2,2.4,35,42,0.37,20,2500,0.21,3.6,29,360,1.4,7.8,4.5,0.02,71,0.045,< 0.9,1.1,28,6.5,7,300,ND,1.3,< 0.02,0.12,ND,0.043,0.43,1.4,< 4,0.016,31,2.7,300,0.037
SY-33,LITTLE ROCK C .05 MI BL BLUE TENT RD NR NEVADA CTY,3.91726E+14,7/8/2003,13:00,Environmental,ND,293,< 70 ,< 6 ,54,< 0.04 ,< 0.02 ,8.4,0.25,1.4,0.88,< 1 ,0.07,2,0.14,0.09,0.047,780,0.15,0.028,0.68,0.86,0.59,0.013,2.5,202,< 0.6 ,2.2,0.83,1.1,0.9,0.2,1.5,< 0.002 ,0.5,0.12,ND,< 0.9 ,19,0.16,ND,65,ND,0.026,< 0.07 ,< 0.003 ,ND,< 0.06 ,0.011,0.054,< 2 ,ND,1,0.076,12,< 0.02 
SY-33,LITTLE ROCK C .05 MI BL BLUE TENT RD NR NEVADA CTY,3.91726E+14,7/8/2003,13:01,Laboratory Replicate,ND,162,< 70 ,< 6 ,43,< 0.04 ,< 0.02 ,8.1,0.045,0.6,0.37,< 1 ,< 0.03 ,1.1,0.053,0.023,0.013,565,0.065,0.012,0.66,0.3,0.53,0.0049,2.5,61,0.87,2.4,0.33,0.36,0.61,0.067,1.3,< 0.002 ,0.5,0.1,ND,< 0.9 ,18,0.061,ND,62,ND,0.0086,< 0.07 ,< 0.003 ,ND,< 0.06 ,0.005,0.029,< 2 ,ND,0.33,0.033,4.8,0.038
SY-36,LITTLE ROCK C .9 MI BL BLUE TENT RD NR NEVADA CITY,3.91742E+14,7/12/2003,10:40,Environmental,ND,24,< 70 ,< 6 ,39,< 0.04 ,< 0.02 ,7.7,0.11,0.071,0.085,< 1 ,0.1,0.6,0.007,0.004,0.0018,189,0.008,0.0015,0.68,0.043,1,0.0015,2.4,19,< 0.6 ,3.5,0.04,1,0.3,0.01,0.7,0.005,0.7,< 0.06 ,ND,< 0.9 ,27,0.009,ND,72,ND,< 0.002 ,< 0.07 ,< 0.003 ,ND,< 0.06 ,0.0007,0.007,< 2 ,ND,0.054,0.006,7.7,< 0.02 
SY-36,LITTLE ROCK C .9 MI BL BLUE TENT RD NR NEVADA CITY,3.91742E+14,7/12/2003,10:41,Laboratory Replicate,ND,22,< 70 ,< 6 ,39,< 0.04 ,< 0.02 ,7.8,0.039,0.071,0.089,< 1 ,< 0.03 ,0.31,0.008,0.004,0.0039,190,0.008,< 0.0009 ,0.69,0.044,1,0.0009,2.4,20,< 0.6 ,3.6,0.039,0.15,0.12,0.01,0.69,0.002,0.7,0.14,ND,< 0.9 ,27,0.007,ND,72,ND,0.0018,< 0.07 ,< 0.003 ,ND,< 0.06 ,0.001,0.012,< 2 ,ND,0.05,0.004,2.1,< 0.02 
SY-38,ROCK C AB LITTLE ROCK C NR NEVADA CITY CA,3.91756E+14,7/12/2003,12:30,Environmental,ND,199,< 70 ,< 6 ,29,< 0.04 ,< 0.02 ,2.8,0.049,0.33,0.11,< 1 ,0.05,0.62,0.023,0.017,0.0066,224,0.023,0.0042,0.64,0.12,0.62,0.0033,1.2,6.4,< 0.6 ,2,0.15,0.47,0.19,0.031,1.9,< 0.002 ,0.3,0.066,ND,< 0.9 ,21,0.04,ND,39,ND,0.0038,< 0.07 ,< 0.003 ,ND,< 0.06 ,0.0013,0.017,2,ND,0.13,0.016,1.9,0.023
SY-38,ROCK C AB LITTLE ROCK C NR NEVADA CITY CA,3.91756E+14,7/12/2003,12:31,Laboratory Replicate,ND,189,< 70 ,< 6 ,29,< 0.04 ,< 0.02 ,2.8,0.046,0.29,0.091,< 1 ,< 0.03 ,0.51,0.021,0.014,0.0053,223,0.025,0.0051,0.63,0.11,0.75,0.002,1.1,6.2,1,2,0.14,0.37,0.2,0.03,1.9,< 0.002 ,0.3,0.12,ND,< 0.9 ,21,0.027,ND,39,ND,0.0032,< 0.07 ,< 0.003 ,ND,< 0.06 ,0.0016,0.01,< 2 ,ND,0.12,0.013,2.9,0.018
SY-39,ROCK C A ROCK C RD NR NEVADA CITY CA,3.9181E+14,7/10/2003,12:40,Environmental,ND,35,< 70 ,< 6 ,27,< 0.04 ,< 0.02 ,3.6,< 0.03 ,0.088,0.05,< 1 ,< 0.03 ,0.38,0.009,0.005,0.0039,143,0.008,0.0028,0.62,0.042,0.61,0.0008,1.3,6.7,0.79,2.2,0.054,0.82,0.092,0.011,1.6,< 0.002 ,0.3,< 0.06 ,ND,< 0.9 ,21,0.014,ND,44,ND,< 0.002 ,< 0.07 ,< 0.003 ,ND,< 0.06 ,< 0.0005 ,0.005,< 2 ,ND,0.047,0.006,8,< 0.02 
SY-39,ROCK C A ROCK C RD NR NEVADA CITY CA,3.9181E+14,7/10/2003,12:41,Laboratory Replicate,ND,35,< 70 ,< 6 ,27,< 0.04 ,< 0.02 ,3.6,< 0.03 ,0.09,0.041,< 1 ,< 0.03 ,0.18,0.009,0.004,0.0047,139,0.01,0.002,0.65,0.04,0.68,0.0011,1.4,6.3,< 0.6 ,2.2,0.049,0.65,0.056,0.01,1.6,< 0.002 ,0.2,< 0.06 ,ND,< 0.9 ,22,0.011,ND,44,ND,< 0.002 ,< 0.07 ,< 0.003 ,ND,< 0.06 ,0.0007,< 0.004 ,< 2 ,ND,0.046,0.005,5.5,< 0.02 
SY-40,LAKE VERA ROCK C ARM NR NEVADA CITY CA,3.91803E+14,6/26/2003,15:00,Environmental,ND,18,< 70 ,< 6 ,29,< 0.04 ,< 0.02 ,4.4,< 0.03 ,0.062,0.023,< 1 ,< 0.03 ,0.32,0.008,< 0.004 ,< 0.002 ,173,0.008,0.0015,0.5,0.029,0.71,< 0.0005 ,1.5,6.8,< 0.6 ,2.5,0.034,0.2,0.1,0.007,1.2,< 0.002 ,0.2,0.13,ND,< 0.9 ,21,0.008,ND,52,ND,< 0.002 ,< 0.07 ,< 0.003 ,ND,< 0.06 ,0.0007,0.007,< 2 ,ND,0.036,0.005,2.7,< 0.02 
SY-40,LAKE VERA ROCK C ARM NR NEVADA CITY CA,3.91803E+14,6/26/2003,15:01,Laboratory Replicate,ND,18,< 70 ,< 6 ,30,< 0.04 ,< 0.02 ,4.4,< 0.03 ,0.063,0.029,< 1 ,< 0.03 ,0.38,< 0.006 ,< 0.004 ,< 0.002 ,175,0.009,0.0014,0.53,0.031,0.9,0.0017,1.5,7.2,< 0.6 ,2.5,0.029,0.17,0.03,0.008,1.2,< 0.002 ,0.2,< 0.06 ,ND,< 0.9 ,21,0.006,ND,53,ND,< 0.002 ,< 0.07 ,< 0.003 ,ND,< 0.06 ,0.0008,< 0.004 ,< 2 ,ND,0.036,0.006,2.6,< 0.02 
SY-41,LAKE VERA IN THALWEG NR DAM NR NEVADA CITY CA,3.91807E+14,6/26/2003,14:30,Environmental,ND,19,< 70 ,7,30,< 0.04 ,0.04,4.4,0.062,0.063,0.017,< 1 ,0.08,0.89,0.007,< 0.004 ,0.0023,169,0.01,0.0021,0.52,0.032,0.76,0.0016,1.5,6.1,0.81,2.5,0.037,0.47,0.62,0.007,1.2,< 0.002 ,0.3,0.14,ND,< 0.9 ,21,0.005,ND,52,ND,< 0.002 ,< 0.07 ,< 0.003 ,ND,< 0.06 ,0.0008,0.013,< 2 ,ND,0.034,0.005,22,< 0.02 
SY-41,LAKE VERA IN THALWEG NR DAM NR NEVADA CITY CA,3.91807E+14,6/26/2003,14:31,Laboratory Replicate,ND,17,< 70 ,< 6 ,30,< 0.04 ,< 0.02 ,4.4,< 0.03 ,0.055,0.016,< 1 ,< 0.03 ,0.54,< 0.006 ,< 0.004 ,< 0.002 ,168,0.006,0.0013,0.5,0.028,0.77,0.0011,1.5,6.1,< 0.6 ,2.5,0.03,0.53,0.3,0.007,1.2,< 0.002 ,0.2,0.067,ND,< 0.9 ,21,0.007,ND,53,ND,< 0.002 ,< 0.07 ,< 0.003 ,ND,< 0.06 ,0.0006,0.007,< 2 ,ND,0.034,0.002,4.7,< 0.02 
SY-42,LAKE VERA S SHORE NR NEVADA CITY CA,3.91802E+14,6/26/2003,15:30,Environmental,ND,16,< 70 ,< 6 ,28,< 0.04 ,< 0.02 ,4.4,< 0.03 ,0.053,0.017,< 1 ,< 0.03 ,0.39,< 0.006 ,< 0.004 ,< 0.002 ,175,0.007,0.0021,0.51,0.028,0.73,0.0008,1.5,7.2,< 0.6 ,2.6,0.03,0.18,0.05,0.008,1.2,< 0.002 ,0.2,< 0.06 ,ND,< 0.9 ,21,0.008,ND,53,ND,< 0.002 ,< 0.07 ,< 0.003 ,ND,< 0.06 ,0.0006,< 0.004 ,< 2 ,ND,0.036,0.005,3.1,< 0.02 
SY-42,LAKE VERA S SHORE NR NEVADA CITY CA,3.91802E+14,6/26/2003,15:31,Laboratory Replicate,ND,16,< 70 ,< 6 ,29,< 0.04 ,< 0.02 ,4.4,< 0.03 ,0.059,0.029,< 1 ,< 0.03 ,0.46,< 0.006 ,0.004,0.0023,178,0.008,0.0015,0.51,0.03,0.77,0.0007,1.5,7.3,< 0.6 ,2.7,0.034,0.24,0.07,0.007,1.2,< 0.002 ,0.2,0.082,ND,< 0.9 ,21,0.011,ND,52,ND,< 0.002 ,< 0.07 ,< 0.003 ,ND,< 0.06 ,0.0005,0.005,< 2 ,ND,0.035,0.007,4.3,< 0.02 
SY-44,S YUBA R AB LANGS CROSSING NR EMIGRANT GAP CA,3.91911E+14,10/31/2002,10:20,Environmental,ND,6.6,< 30 ,5,6,< 0.04 ,< 0.01 ,7.4,< 0.01 ,0.013,< 0.02 ,< 3 ,< 0.1 ,0.43,< 0.005 ,< 0.005 ,0.0022,17,< 0.004 ,< 0.001 ,0.38,0.009,0.94,< 0.0007 ,0.63,1.5,1.5,1.6,0.007,< 0.1 ,0.034,0.002,0.77,0.003,1.4,< 0.2 ,ND,< 2 ,8.4,< 0.005 ,ND,46,ND,< 0.0008 ,< 0.08 ,< 0.003 ,ND,< 0.04 ,< 0.0005 ,0.37,< 9 ,0.11,0.007,0.002,2.5,< 0.02 
SY-44,S YUBA R AB LANGS CROSSING NR EMIGRANT GAP CA,3.91911E+14,10/31/2002,10:21,Laboratory Replicate,ND,6.6,< 30 ,4,6.3,< 0.04 ,0.011,7.8,< 0.01 ,0.01,< 0.02 ,< 3 ,< 0.1 ,0.52,< 0.005 ,< 0.005 ,< 0.002 ,17,< 0.004 ,< 0.001 ,0.4,0.008,0.68,< 0.0007 ,0.66,1.5,1.8,1.5,0.007,< 0.1 ,0.047,0.002,0.78,< 0.002 ,1.5,< 0.2 ,ND,< 2 ,8.7,< 0.005 ,ND,44,ND,< 0.0008 ,< 0.08 ,< 0.003 ,ND,< 0.04 ,< 0.0005 ,0.38,< 9 ,0.11,0.008,< 0.002 ,2.1,< 0.02 
SY-44,S YUBA R AB LANGS CROSSING NR EMIGRANT GAP CA,3.91911E+14,6/11/2003,10:40,Environmental,ND,33,< 60 ,< 8 ,4.7,< 0.06 ,0.012,2.5,< 0.01 ,0.052,0.059,< 3 ,< 0.04 ,0.49,0.004,0.006,< 0.002 ,73,0.009,0.0018,0.19,0.041,0.33,0.0013,0.36,5.2,< 1 ,1.2,0.044,4.3,0.071,0.01,0.58,< 0.001 ,0.2,< 0.1 ,ND,< 0.6 ,6.5,< 0.008 ,ND,19,ND,0.001,< 0.06 ,< 0.003 ,ND,< 0.08 ,< 0.001 ,0.027,< 3 ,< 0.05 ,0.046,0.006,1.3,< 0.02 
SY-44,S YUBA R AB LANGS CROSSING NR EMIGRANT GAP CA,3.91911E+14,6/11/2003,10:41,Laboratory Replicate,ND,36,< 60 ,< 8 ,4.8,< 0.06 ,0.033,2.5,0.027,0.062,0.1,3.7,< 0.04 ,0.57,0.004,0.005,< 0.002 ,77,0.005,0.0018,0.24,0.041,0.27,0.0019,0.36,4.9,< 1 ,1.1,0.047,5.5,0.15,0.01,0.58,< 0.001 ,0.4,< 0.1 ,ND,< 0.6 ,6.6,0.014,ND,20,ND,0.0015,< 0.06 ,< 0.003 ,ND,< 0.08 ,< 0.001 ,0.031,< 3 ,< 0.05 ,0.043,0.007,1.5,0.022
SY-45,S YUBA R BL POORMAN C NR WASHINGTON CA,3.92119E+14,11/5/2002,14:10,Environmental,ND,8.8,< 40 ,10,15,< 0.03 ,0.018,11,< 0.02 ,0.03,< 0.01 ,< 7 ,< 0.2 ,0.44,< 0.003 ,< 0.004 ,< 0.003 ,< 20 ,< 0.005 ,0.0011,0.32,0.018,0.38,< 0.001 ,2.9,4.1,1.5,2.7,0.011,0.37,< 0.03 ,0.002,0.53,< 0.002 ,2.3,< 0.2 ,ND,< 1 ,12,< 0.004 ,ND,58,ND,< 0.0008 ,< 0.07 ,< 0.008 ,ND,< 0.02 ,< 0.001 ,0.21,< 10 ,0.12,0.019,< 0.003 ,3.1,< 0.01 
SY-45,S YUBA R BL POORMAN C NR WASHINGTON CA,3.92119E+14,11/5/2002,14:11,Laboratory Replicate,ND,8.4,< 40 ,14,14,< 0.03 ,0.014,10,< 0.02 ,0.034,< 0.01 ,< 7 ,< 0.2 ,0.67,0.004,0.007,< 0.003 ,< 20 ,< 0.005 ,< 0.0006 ,0.41,0.019,0.71,< 0.001 ,2.7,3.3,1.5,2.8,0.015,0.42,0.06,0.001,0.49,< 0.002 ,2.3,< 0.2 ,ND,< 1 ,11,< 0.004 ,ND,57,ND,< 0.0008 ,< 0.07 ,< 0.008 ,ND,< 0.02 ,< 0.001 ,0.21,< 10 ,0.12,0.016,< 0.003 ,5.2,< 0.01 
SY-46,S YUBA R A MISSOURI BAR NR NEVADA CITY CA,3.92025E+14,10/29/2002,11:00,Environmental,ND,6.8,< 30 ,14,21,< 0.04 ,< 0.01 ,13,< 0.01 ,0.017,< 0.02 ,< 3 ,1,0.92,0.006,< 0.005 ,< 0.002 ,15,< 0.004 ,< 0.001 ,0.45,0.014,0.79,< 0.0007 ,3.6,2.3,1.5,2.8,0.01,1.1,0.069,0.003,0.65,< 0.002 ,2.5,< 0.2 ,ND,< 2 ,13,< 0.005 ,ND,66,ND,0.0009,< 0.08 ,< 0.003 ,ND,< 0.04 ,0.0009,0.14,< 9 ,0.12,0.013,< 0.002 ,2.8,< 0.02 
SY-46,S YUBA R A MISSOURI BAR NR NEVADA CITY CA,3.92025E+14,10/29/2002,11:01,Laboratory Replicate,ND,5.7,< 30 ,37,22,< 0.04 ,< 0.01 ,12,< 0.01 ,0.013,< 0.02 ,< 3 ,< 0.1 ,0.4,< 0.005 ,< 0.005 ,< 0.002 ,18,0.006,< 0.001 ,0.37,0.011,0.81,< 0.0007 ,3.4,2.3,1.2,3.1,0.008,0.93,0.023,0.002,0.61,< 0.002 ,2.5,< 0.2 ,ND,< 2 ,12,< 0.005 ,ND,64,ND,< 0.0008 ,< 0.08 ,< 0.003 ,ND,< 0.04 ,< 0.0005 ,0.13,< 9 ,0.089,0.011,< 0.002 ,2.1,< 0.02 
SY-47,S YUBA R A EDWARDS CROSSING NR NEVADA CITY CA,3.91949E+14,1/28/2000,11:00,Environmental,ND,48,< 20,5,13,< 0.07,0.006,6,0.019,0.2,0.16,< 0.4,< 0.2,0.64,0.025,0.017,0.0072,61,0.026,0.0059,0.35,0.12,0.44,0.0018,3,6.7,0.29,1.6,0.13,2.1,0.052,0.032,0.53,< 0.002,1.2,0.037,< 0.3,0.3,12,0.022,1.6,41,ND,0.0037,< 0.05,0.031,ND,< 0.003,0.002,0.063,< 2,0.023,0.15,0.014,3.6,0.044
SY-48,S YUBA R AB PURDON CROSSING NR NEVADA CITY CA,3.91938E+14,10/21/2002,11:00,Environmental,ND,3.3,< 30 ,9,29,< 0.04 ,< 0.01 ,13,< 0.01 ,0.011,< 0.02 ,< 3 ,0.16,0.46,< 0.005 ,< 0.005 ,< 0.002 ,< 10 ,< 0.004 ,< 0.001 ,0.48,0.009,0.83,< 0.0007 ,3.5,1.3,1.2,3.1,0.007,0.76,< 0.02 ,< 0.001 ,0.82,< 0.002 ,3.2,< 0.2 ,ND,< 2 ,12,< 0.005 ,ND,73,ND,< 0.0008 ,< 0.08 ,< 0.003 ,ND,< 0.04 ,< 0.0005 ,0.093,< 9 ,0.09,0.006,< 0.002 ,3,< 0.02 
SY-48,S YUBA R AB PURDON CROSSING NR NEVADA CITY CA,3.91938E+14,10/21/2002,11:01,Laboratory Replicate,ND,3.6,< 30 ,15,26,< 0.04 ,0.012,13,< 0.01 ,0.011,< 0.02 ,< 3 ,0.16,0.74,< 0.005 ,< 0.005 ,< 0.002 ,< 10 ,< 0.004 ,< 0.001 ,0.5,0.007,0.87,< 0.0007 ,3.5,1.4,1.1,3,0.005,0.81,0.051,0.001,0.9,0.003,3.1,< 0.2 ,ND,< 2 ,13,< 0.005 ,ND,80,ND,< 0.0008 ,< 0.08 ,< 0.003 ,ND,< 0.04 ,< 0.0005 ,0.096,< 9 ,0.065,0.007,< 0.002 ,2.5,< 0.02 
SY-50,S YUBA R A BRIDGEPORT CA,3.91734E+14,10/23/2002,13:50,Environmental,ND,5.3,< 30 ,16,27,< 0.04 ,0.014,13,< 0.01 ,0.012,< 0.02 ,< 3 ,< 0.1 ,0.86,< 0.005 ,< 0.005 ,< 0.002 ,< 10 ,< 0.004 ,< 0.001 ,0.49,0.006,0.91,< 0.0007 ,3.8,1.3,1,4.2,0.006,0.25,0.047,0.002,0.83,< 0.002 ,3.8,< 0.2 ,ND,< 2 ,13,< 0.005 ,ND,79,ND,< 0.0008 ,< 0.08 ,< 0.003 ,ND,< 0.04 ,< 0.0005 ,0.097,< 9 ,0.06,0.013,< 0.002 ,1.2,< 0.02 
SY-50,S YUBA R A BRIDGEPORT CA,3.91734E+14,10/23/2002,13:51,Laboratory Replicate,ND,5.7,< 30 ,15,28,< 0.04 ,0.012,14,< 0.01 ,0.012,< 0.02 ,< 3 ,< 0.1 ,0.85,< 0.005 ,< 0.005 ,< 0.002 ,17,< 0.004 ,< 0.001 ,0.47,0.01,1.1,< 0.0007 ,3.9,1.3,1,3.7,0.009,0.24,0.068,0.002,0.83,< 0.002 ,3.5,< 0.2 ,ND,< 2 ,12,< 0.005 ,ND,77,ND,< 0.0008 ,< 0.08 ,< 0.003 ,ND,< 0.04 ,< 0.0005 ,0.086,< 9 ,0.062,0.01,< 0.002 ,3.3,< 0.02 
SY-52,BLUE HOLE LK A SAILOR FLAT MINE NR NEVADA CITY CA,3.91937E+14,8/24/1999,11:00,Environmental,0.02,5000,< 50 ,9,34,1.5,0.003,6.1,0.91,38,55,3,0.41,17,3.8,1.9,1,800,3.9,0.71,1.5,15,39,0.21,4.6,270,0.04,0.64,18,120,4,4.6,10,0.01,30,0.092,< 0.4,< 2,20,3.9,0.6,55,< 0.003,0.6,< 0.02,0.035,< 0.4,0.11,0.26,1.5,< 3,0.007,21,1.6,180,0.008
SY-52,BLUE HOLE LK A SAILOR FLAT MINE NR NEVADA CITY CA,3.91937E+14,8/24/1999,11:01,Laboratory Replicate,0.01,4700,< 50 ,< 6,34,1.6,0.003,5.9,1.5,26,53,3.1,0.6,17,2.6,2,0.97,810,2.7,0.58,1.4,11,40,0.16,4.3,280,0.04,0.7,17,93,2.8,3.6,10,0.009,31,0.11,< 0.4,< 2,20,3.8,0.6,52,< 0.003,0.39,< 0.02,0.034,< 0.4,0.13,0.25,1.6,< 3,< 0.005,30,1.3,180,0.011
BR-75,POLAR STAR MINE PIT SUMP NR DUTCH FLAT CA,3.91245E+14,8/3/2000,13:40,Environmental Disturbed,ND,310000,24,< 400 ,2400,45,11,1100,11,2100,5500,1900,7.4,2800,160,82,48,890000,180,30,18,770,480,8.7,270,94000,3.3,11,880,35000,700,210,54,0.23,240,1.8,ND,< 20 ,330,190,ND,3600,ND,28,1.7,100,ND,2,10,66,890,ND,780,62,9500,12
BR-75,POLAR STAR MINE PIT SUMP NR DUTCH FLAT CA,3.91245E+14,8/3/2000,13:41,Laboratory Replicate,ND,360000,19,< 400 ,2300,52,12,1100,11,2300,6000,2200,8,3100,180,90,52,840000,200,33,16,830,490,9.6,260,87000,3.3,11,970,33000,770,240,61,0.22,230,2.3,ND,< 20 ,310,210,ND,3700,ND,31,1.2,120,ND,2.3,10,71,850,ND,840,66,11000,15
