Station Map ID,USGS Station Name,USGS Station Number,Date ,Time,Sample Type,Data References,"Total Mercury, Dry (ng/g)",Total Mercury Data Source,"Methylmercury, Dry (ng/g)",Methylmercury Data Source,Loss On Ignition (percent)
AR-03,GOLD RUN TUNNEL OUTLET  NR COLFAX CA,390945120562001,11/06/2002,13:30,Environmental,NP,"2,450",W1,<0.08,W1,1.58
AR-03,GOLD RUN TUNNEL OUTLET  NR COLFAX CA,390945120562001,11/06/2002,13:30,Environmental,NP,"15,240",C1,0,0,0
AR-03,GOLD RUN TUNNEL OUTLET  NR COLFAX CA,390945120562001,11/06/2002,13:31,Field Replicate,NP,"15,200",C1,0,0,0
AR-03,GOLD RUN TUNNEL OUTLET  NR COLFAX CA,390945120562001,11/06/2002,13:32,Field Replicate,NP,"17,000",C1,0,0,0
AR-06,KEYSTONE MINE TUNNEL OUTLET NR FORRESTHILLS CA,390305120500301,11/06/2002,17:05,Environmental,NP,187,W1,<0.08,W1,4.03
AR-06,KEYSTONE MINE TUNNEL OUTLET NR FORRESTHILLS CA,390305120500301,11/06/2002,17:05,Environmental,NP,812,C1,0,0,0
AR-07,GLEESON DIGGINGS MAIN SLUICE CUT NR IOWA HILL CA,390455120510601,02/07/2002,15:00,Environmental,NP,895,W1,0.35,W1,10.4
AR-09,JUPITER MINE TUNNEL MIDWAY A SLUICE CUT,390629120515001,02/07/2002,13:00,Environmental,NP,"3,810",W1,0.08,W1,9.91
AR-11,ALDER C POND A HWY 50 A NIMBUS CA,383809121121601,06/24/2003,14:00,Environmental,NP,485,W1,2.56,W1,19.9
AR-12,ALDER C A PRAIRIE CITY RD NR FOLSOM CA,383824121091601,06/25/2003,12:45,Environmental,NP,80.7,W1,0.47,W1,3.81
AR-13,ALDER C A FOLSOM BLVD NR NIMBUS CA,383816121115001,06/24/2003,13:30,Environmental,NP,158,W1,1.15,W1,4.81
AR-14,UNNAMED TRIB TO ALDER C NR FOLSOM CA,383834121083801,06/25/2003,15:00,Environmental,NP,128,W1,1.53,W1,4.80
AR-15,WILLOW C .1 MI US LK NATOMA NR FOLSOM CA,383859121110701,06/24/2003,10:15,Environmental,NP,456,W1,2.45,W1,11.6
AR-16,WILLOW C A E BIDWELL ST NR FOLSOM CA,384006121084601,06/25/2003,9:30,Environmental,NP,13.7,W1,0.50,W1,2.33
AR-17,WILLOW C A GOLF LINKS DRIVE NR FOLSOM CA,384030121063601,06/25/2003,15:30,Environmental,NP,49.3,W1,0.63,W1,4.08
AR-18,WILLOW C A LK NATOMA NR FOLSOM CA,383859121112601,06/24/2003,11:10,Environmental,NP,443,W1,5.20,W1,10.6
AR-19,WILLOW C A SIBLEY RD NR FOLSOM CA,383927121100201,06/25/2003,12:40,Environmental,NP,211,W1,7.91,W1,13.9
AR-20,HUMBUG C A E BIDWELL ST NR FOLSOM CA,384010121090601,06/25/2003,10:00,Environmental,NP,211,W1,10.2,W1,16.9
BR-04,BEAR R AB GRVL PLNT AB STEEPHOLLOW C CHICAGO PARK,391038120532501,01/26/2000,11:50,Environmental,NP,441,W1,0.17,W1,3.06
BR-06,BEAR R BL WOLF C NR LUCAS HILL CA,390107121102101,08/17/2000,13:15,Environmental,NP,548,W1,16.2,W1,14.4
BR-06,BEAR R BL WOLF C NR LUCAS HILL CA,390107121102101,08/17/2000,13:20,Environmental,NP,701,W1,26.3,W1,12.2
BR-10,BOSTON MINE TUNNEL OUTLET NR GRASS VALLEY CA,391346120540901,06/18/1999,14:30,Environmental,https://doi.org/10.3133/sir20045251,8900,C1,0.31,W1,0
BR-10,BOSTON MINE TUNNEL OUTLET NR GRASS VALLEY CA,391346120540901,12/04/2002,11:30,Environmental,NP,"13,700",W1,11.3,W1,6.75
BR-10,BOSTON MINE TUNNEL OUTLET NR GRASS VALLEY CA,391346120540901,12/04/2002,11:30,Environmental,NP,"64,400",C1,0,0,0
BR-11,BOSTON MINE LOWER POND SITE 1 NR GRASS VALLEY CA,391343120541102,12/04/2002,15:00,Environmental,NP,70.1,W1,<0.05,W1,1.55
BR-11,BOSTON MINE LOWER POND SITE 1 NR GRASS VALLEY CA,391343120541102,12/04/2002,15:00,Environmental,NP,837,C1,0,0,0
BR-12,BOSTON MINE LOWER POND SITE 2 NR GRASS VALLEY CA,391343120541103,12/04/2002,15:10,Environmental,NP,56.9,W1,<0.08,W1,5.75
BR-12,BOSTON MINE LOWER POND SITE 2 NR GRASS VALLEY CA,391343120541103,12/04/2002,15:10,Environmental,NP,368,C1,0,0,0
BR-13,BOSTON MINE LOWER POND SITE 3 NR GRASS VALLEY CA,391343120541104,12/04/2002,15:20,Environmental,NP,156,W1,0.22,W1,7.41
BR-13,BOSTON MINE LOWER POND SITE 3 NR GRASS VALLEY CA,391343120541104,12/04/2002,15:20,Environmental,NP,332,C1,0,0,0
BR-15,BOSTON MINE UPPER POND NR GOLD RUN CA,391336120541501,12/04/2002,15:30,Environmental,NP,138,W1,0.03,W1,8.72
BR-15,BOSTON MINE UPPER POND NR GOLD RUN CA,391336120541501,12/04/2002,15:30,Environmental,NP,160,C1,0,0,0
BR-16,BOSTON MINE WETLANDS POND NR GRASS VALLEY CA,391343120541101,12/14/1999,10:30,Environmental,https://doi.org/10.3133/sir20045251,92.7,W1,3.40,W1,0
BR-17,BOSTON MINE DRAINAGE AB TUNNEL INLET NR GOLD RUN,391344120541302,12/04/2002,15:40,Environmental,NP,23.3,W1,<0.02,W1,3.34
BR-17,BOSTON MINE DRAINAGE AB TUNNEL INLET NR GOLD RUN,391344120541302,12/04/2002,15:40,Environmental,NP,68.0,C1,0,0,0
BR-18,BOSTON MINE TUNNEL INFLOW A BULKHEAD NR GOLD RUN,391344120541301,12/04/2002,13:40,Environmental,NP,165,W1,<0.08,W1,2.56
BR-18,BOSTON MINE TUNNEL INFLOW A BULKHEAD NR GOLD RUN,391344120541301,12/04/2002,13:40,Environmental,NP,"1,655",C1,0,0,0
BR-18,BOSTON MINE TUNNEL INFLOW A BULKHEAD NR GOLD RUN,391344120541301,12/04/2002,13:41,Field Replicate,NP,"1,580",C1,0,0,0
BR-19,BOSTON MINE 60 FT AB UPPER POND NR GOLD RUN CA,391333120541501,12/04/2002,16:00,Environmental,NP,116,W1,0.91,W1,9.55
BR-19,BOSTON MINE 60 FT AB UPPER POND NR GOLD RUN CA,391333120541501,12/04/2002,16:00,Environmental,NP,177,C1,0,0,0
BR-20,BUCKEYE FLAT MINE N DR TO GREENHORN C GRASS VALLEY,391446120534201,06/18/1999,11:30,Environmental,https://doi.org/10.3133/sir20045251,12000,C1,0.05,W1,0
BR-21,BUCKEYE FLAT MINE POND DR .15 MI AB SF GREENHORN C,391416120532001,08/21/2000,14:10,Environmental,NP,873,W1,5.40,W1,23.6
BR-22,BUCKEYE FLAT MINE S DR TO SF GRNHRN C GRASS VALLEY,391415120533701,08/26/1999,11:00,Environmental,https://doi.org/10.3133/sir20045251,150,C1,1.90,W1,0
BR-45,MISSOURI CYN C 1.2 MI AB GREENHORN C NR CHICAGO PK,391259120535801,12/14/1999,14:00,Environmental,https://doi.org/10.3133/sir20045251,175,W1,1.20,W1,0
BR-51,POORE MINE PIT LAKE NR GRASS VALLEY CA,391354120544301,02/06/2002,16:00,Environmental,NP,54.7,W1,<0.02,W1,4.05
BR-55,POORE MINE GROUND SLUICE NR GRASS VALLEY CA,391351120544901,04/01/1999,12:00,Environmental,https://doi.org/10.3133/sir20045251,0,0,5.20,W1,0
BR-65,TOM JERRY MINE DR BL CONFLUENCE NR NEVADA CITY CA,391626120525101,08/23/2000,11:30,Environmental,NP,325,W1,0.12,W1,6.90
BR-66,TOM JERRY MINE DR A TUNNEL OUTLET NR NEVADA CITY,391627120524801,07/30/2002,17:40,Environmental,NP,"7,010",W1,13.1,W1,12.0
BR-66,TOM JERRY MINE DR A TUNNEL OUTLET NR NEVADA CITY,391627120524801,07/30/2002,17:40,Environmental,NP,202,C1,0,0,0
BR-66,TOM JERRY MINE DR A TUNNEL OUTLET NR NEVADA CITY,391627120524801,07/30/2002,18:00,Environmental,NP,70.9,W1,<0.08,W1,3.87
BR-66,TOM JERRY MINE DR A TUNNEL OUTLET NR NEVADA CITY,391627120524801,07/30/2002,18:00,Environmental,NP,"6,380",C1,0,0,0
BR-67,TOM JERRY MINE DR A TUNNEL INLET NR NEVADA CITY CA,391627120524901,08/23/2000,11:50,Environmental,NP,"15,900",W1,74.2,W1,0
BR-69,SAILOR FLAT MINE MAIN DR GULCH 01 NR QUAKER HILL,391620120532201,07/06/1999,16:00,Environmental,https://doi.org/10.3133/sir20045251,7.6,C1,<0.1,W1,0
BR-69,SAILOR FLAT MINE MAIN DR GULCH 01 NR QUAKER HILL,391620120532201,11/12/1999,14:30,Environmental,https://doi.org/10.3133/sir20045251,4.4,W1,<0.02,W1,0
BR-69,SAILOR FLAT MINE MAIN DR GULCH 01 NR QUAKER HILL,391620120532201,11/12/1999,15:00,Environmental,https://doi.org/10.3133/sir20045251,6.3,W1,0.03,W1,0
BR-72,STARR MINE TUNNEL MIDWAY NR GRASS VALLEY CA,391329120543001,11/12/1999,12:30,Environmental,https://doi.org/10.3133/sir20045251,"12,100",W1,9.50,W1,0
BR-73,STARR MINE TUNNEL OUTLET NR GRASS VALLEY CA,391330120543301,08/23/2000,17:45,Environmental,NP,"41,000",W1,4.10,W1,21.6
BR-75,POLAR STAR MINE PIT SUMP NR DUTCH FLAT CA,391245120500301,08/03/2000,13:30,Environmental,NP,"33,100",W1,1.06,W1,1.68
BR-75,POLAR STAR MINE PIT SUMP NR DUTCH FLAT CA,391245120500301,08/03/2000,13:30,Environmental,NP,"17,400",W1,0.84,W1,2.07
BR-77,POLAR STAR MINE TUNNEL MIDWAY NR DUTCH FLAT CA,391245120501301,05/27/1999,10:30,Environmental,NP,"11,800",C1,0.28,W1,3.11
BR-77,POLAR STAR MINE TUNNEL MIDWAY NR DUTCH FLAT CA,391245120501301,05/27/1999,10:45,Environmental,NP,"9,000",C1,2.92,W1,1.57
BR-77,POLAR STAR MINE TUNNEL MIDWAY NR DUTCH FLAT CA,391245120501301,11/12/1999,9:25,Environmental,NP,"7,640",W1,0.30,W1,4.29
BR-77,POLAR STAR MINE TUNNEL MIDWAY NR DUTCH FLAT CA,391245120501301,11/12/1999,9:40,Environmental,NP,"4,830",W1,0.32,W1,6.19
BR-78,POLAR STAR MINE TUNNEL DISCHARGE NR DUTCH FLAT CA,391247120501401,12/21/2001,9:15,Environmental,NP,"5,340",W1,0.21,W1,2.57
BR-78,POLAR STAR MINE TUNNEL DISCHARGE NR DUTCH FLAT CA,391247120501401,12/21/2001,0000,Environmental,NP,"7,630",W1,0.35,W1,3.74
BR-85,BEAR R BL STEEPHOLLOW C NR CHICAGO PARK CA,391023120541301,01/26/2000,13:10,Environmental,NP,162,W1,0.12,W1,2.82
BR-89,SOUTHERN CROSS MINE TUNNEL MIDWAY NR DUTCH FLAT CA,391237120502401,05/27/1999,15:00,Environmental,NP,"15,300",C1,0.62,W1,4.28
BR-91,STEEPHOLLOW C A LOWELL HILL BRDG NR NEVADA CITY CA,391146120530601,01/26/2000,10:00,Environmental,NP,139,W1,<0.16,W1,3.06
BR-91,STEEPHOLLOW C A LOWELL HILL BRDG NR NEVADA CITY CA,391146120530601,06/19/2001,9:00,Environmental,NP,132,W1,0.14,W1,2.43
BR-91,STEEPHOLLOW C A LOWELL HILL BRDG NR NEVADA CITY CA,391146120530601,06/19/2001,9:00,Environmental,NP,62.4,W1,0.18,W1,1.63
BR-92,RJ MILES MINE PIT NR CHICAGO PARK CA,391037120534501,01/26/2000,13:10,Environmental,NP,396,W1,0,0,4.76
BR-95,YOU BET MINE OUTLET TO MAIN DRAIN TNNL NR GOLD RUN,391215120532301,05/06/1999,12:30,Environmental,NP,50.0,C1,0.05,W1,3.23
BR-96,YOU BET MINE INLET TO MAIN DRAIN TNNL NR GOLD RUN,391223120532501,05/06/1999,15:00,Environmental,NP,10.0,C1,<0.04,W1,2.45
BR-99,YOU BET MINE SW DRAINAGE TUNNEL NR GOLD RUN CA,391144120535301,05/05/1999,14:30,Environmental,NP,530,C1,<0.81,W1,15.2
BR-99,YOU BET MINE SW DRAINAGE TUNNEL NR GOLD RUN CA,391144120535301,05/05/1999,14:30,Environmental,NP,550,C1,0,0,0
BR-100,YOU BET SOUTH WEST-3 TUNNEL NR GOLD RUN CA,391147120535401,02/06/2002,10:30,Environmental,NP,152,W1,0.45,W1,10.7
BR-101,WALLOUPA MINE SOUTH DRAINAGE TUNNEL NR GOLD RUN CA,391132120540801,02/06/2002,12:30,Environmental,NP,"2,570",W1,0.81,W1,25.0
BR-102,WALLOUPA MINE EAST DRAINAGE TUNNEL NR GOLD RUN CA,391144120542301,05/05/1999,15:20,Environmental,NP,"3,000",C1,0,0,12.6
DC-08,UNNAMED TRIB TO DEER C A SCOTTS FLAT RES BL CASCI,391728120540101,01/27/2000,11:30,Environmental,NP,170,W1,0,0,14.6
DC-08,UNNAMED TRIB TO DEER C A SCOTTS FLAT RES BL CASCI,391728120540101,01/27/2000,12:00,Environmental,NP,"3,390",W1,0.49,W1,5.78
LY-02,YUBA R A TIMBUTOO BEND NR SMARTSVILLE CA,391406121191901,08/07/2002,10:30,Environmental,NP,25.2,W1,0.12,W1,0.56
LY-03,YUBA R A HWY 20 NR SMARTSVILLE CA,391313121191501,08/06/2002,16:45,Environmental,NP,39.7,W1,0.32,W1,1.24
LY-04,YUBA R NR SMARTSVILLE CA,11419600,12/14/2002,12:00,Environmental,NP,94.3,W1,1.06,W1,3.87
LY-05,YUBA R A DAQUERRA PT NR BROWNS VALLEY CA,11420800,12/10/2002,12:45,Environmental,NP,391,W1,6.09,W1,17.5
LY-06,YUBA R NR HAMMONTON CA,391132121284501,08/06/2002,10:30,Environmental,NP,7.4,W1,0.03,W1,0.37
LY-07,YUBA R A HALLWOOD BLVD NR MARYSVILLE CA,391101121303501,08/06/2002,15:30,Environmental,NP,12.9,W1,0.05,W1,0.93
LY-08,YUBA R A MARYSVILLE CA,11421500,08/06/2002,12:30,Environmental,NP,26.4,W1,0.17,W1,0.77
LY-08,YUBA R A MARYSVILLE CA,11421500,12/11/2002,10:00,Environmental,NP,145,W1,2.02,W1,9.08
LY-10,YUBA R A SOUTHERN PACIFIC RR BR A MARYSVILLE CA,390810121345501,08/07/2002,14:00,Environmental,NP,44.6,W1,0.03,W1,0.64
MY-01,M YUBA R 0.6 MI BL MILTON DAM CA,11408550,10/28/2002,12:00,Environmental,NP,13.8,W1,0.27,W1,5.19
MY-02,M YUBA R NR ALLEGHANY CA,11408700,11/01/2002,12:20,Environmental,NP,134,W1,8.06,W1,14.7
MY-03,M YUBA R NR CAMPTONVILLE CA,11408850,11/04/2002,12:50,Environmental,NP,365,W1,7.85,W1,15.3
MY-04,M YUBA R NR NORTH SAN JUAN CA,11410000,10/21/2002,14:00,Environmental,NP,288,W1,1.62,W1,18.6
MY-07,M YUBA R AB COLGATE PH NR FRENCH CORRAL CA,391950121111401,10/25/2002,11:00,Environmental,NP,607,W1,7.65,W1,16.7
SY-01,OMEGA EAST SHAFT (TUNNEL VENT SHAFT) NR WASHINGTON,392022120453301,04/30/1999,13:20,Environmental,NP,0,0,0,0,16.1
SY-02,OMEGA EAST MAINSTEM NR WASHINGTON CA,392020120453901,04/30/1999,13:20,Environmental,NP,0,0,0,0,14.4
SY-03,OMEGA SOUTH TUNNEL NR WASHINGTON CA,392020120453701,04/30/1999,12:30,Environmental,NP,0,0,0,0,11.2
SY-04,OMEGA DR GULCH A SCOTCHMAN C NR WASHINGTON CA,392045120463301,06/08/1999,13:30,Environmental,NP,520,C1,51,W1,24.8
SY-05,SCOTCHMAN C AB OMEGA DR GULCH NR WASHINGTON CA,392042120463401,06/08/1999,14:30,Environmental,NP,73.0,C1,0.86,W1,3.51
SY-06,ALPHA MINE RED TUNNEL NR WASHINGTON,392023120470001,12/16/1999,11:20,Environmental,NP,"7,410",W1,0,0,31.9
SY-08,SCOTCHMAN C A THE FALLS NR WASHINGTON CA,392116120470101,07/29/2002,15:40,Environmental,NP,28.6,W1,1.23,W1,4.23
SY-08,SCOTCHMAN C A THE FALLS NR WASHINGTON CA,392116120470101,07/29/2002,15:40,Environmental,NP,71.0,C1,0,0,0
SY-10,SCOTCHMAN C BL FALLS NR WASHINGTON CA,392119120470201,07/29/2002,14:30,Environmental,NP,20.7,W1,0.34,W1,2.25
SY-10,SCOTCHMAN C BL FALLS NR WASHINGTON CA,392119120470201,07/29/2002,14:30,Environmental,NP,94.0,C1,0,0,0
SY-11,ALPHA MINE PIT NR WASHINGTON CA,392015120470501,12/16/1999,10:30,Environmental,NP,845,W1,0,0,10.6
SY-13,ALPHA MINE PIT LK NR WASHINGTON CA,392007120471001,07/29/2002,11:00,Environmental,NP,52.8,W1,<0.16,W1,3.78
SY-13,ALPHA MINE PIT LK NR WASHINGTON CA,392007120471001,07/29/2002,11:00,Environmental,NP,77.0,C1,0,0,0
SY-13,ALPHA MINE PIT LK NR WASHINGTON CA,392007120471001,07/29/2002,11:01,Field Replicate,NP,75.0,C1,0,0,0
SY-14,ANCHO ERIE DRAINAGE A TAILINGS DAM NR WASHINGTON,392512120453101,07/31/2002,14:00,Environmental,NP,"15,600",W1,<0.15,W1,4.85
SY-14,ANCHO ERIE DRAINAGE A TAILINGS DAM NR WASHINGTON,392512120453101,07/31/2002,14:00,Environmental,NP,"33,600",C1,0,0,0
SY-15,ANCHO ERIE DRAINAGE A POORMAN C NR WASHINGTON CA,392512120453201,07/31/2002,12:00,Environmental,NP,"6,720",W1,21.2,W1,12.1
SY-15,ANCHO ERIE DRAINAGE A POORMAN C NR WASHINGTON CA,392512120453201,07/31/2002,12:00,Environmental,NP,"11,700",C1,0,0,0
SY-16,POORMAN C BL ANCHO ERIE MINE DRAIN NR WASHINGTON,392513120453301,07/31/2002,11:40,Environmental,NP,"1,170",W1,4.70,W1,5.57
SY-16,POORMAN C BL ANCHO ERIE MINE DRAIN NR WASHINGTON,392513120453301,07/31/2002,11:40,Environmental,NP,"6,180",C1,0,0,0
SY-16,POORMAN C BL ANCHO ERIE MINE DRAIN NR WASHINGTON,392513120453301,07/31/2002,11:41,Field Replicate,NP,"6,370",C1,0,0,0
SY-17,GRIZZLY HILL TUNNEL OUTLET NR NORTH BLOOMFIELD CA,392014120581601,03/16/2003,12:00,Environmental,NP,510,W1,0.11,W1,6.14
SY-17,GRIZZLY HILL TUNNEL OUTLET NR NORTH BLOOMFIELD CA,392014120581601,03/16/2003,12:00,Environmental,NP,864,C1,0,0,0
SY-17,GRIZZLY HILL TUNNEL OUTLET NR NORTH BLOOMFIELD CA,392014120581601,03/16/2003,12:01,Field Replicate,NP,880,C1,0,0,0
SY-19,LE DU MINE TUNNEL DISCHARGE NR NORTH BLOOMFIELD CA,392151120542901,02/05/2002,12:00,Environmental,NP,150,W1,0.12,W1,8.09
SY-20,CRYSTAL HILL MINE POND NR NORTH BLOOMFIELD CA,392159120544101,02/05/2002,15:00,Environmental,NP,80.7,W1,<0.05,W1,7.78
SY-22,MALAKOFF DIGGINGS FLOODED RED SHAFT NR N BLMFLD,392155120551601,04/28/1999,16:00,Environmental,NP,100,C1,0,0,10.4
SY-22,MALAKOFF DIGGINGS FLOODED RED SHAFT NR N BLMFLD,392155120551601,12/01/1999,14:00,Environmental,NP,78.0,W1,<0.26,W1,18.0
SY-24,MALAKOFF DIGGINGS POND NR NORTH BLOOMFIELD CA,392201120552301,11/12/1999,16:55,Environmental,NP,"26,900",W1,30.8,W1,26.6
SY-25,MALAKOFF DIGGINGS LK CITY TNNL DISCH NR N BLMFLD,392111120552501,07/07/1999,13:00,Environmental,NP,670,C1,0,0,15.2
SY-27,MALAKOFF DIGGINGS N BLMFLD TNNL DISCH NR N BLMFLD,392051120553501,07/07/1999,11:30,Environmental,NP,190,C1,<0.24,W1,9.68
SY-29,RELIEF HILL DEEP BLUE TNNL OUTFLOW NR N BLOOMFIELD,392126120510201,05/20/1999,12:00,Environmental,NP,150,C1,0.18,W1,5.4
SY-30,RELIEF HILL HYDR PIT MINE DR TNNL NR N BLOOMFIELD,392111120511301,09/01/1999,12:00,Environmental,NP,424,W1,7.39,W1,31.8
SY-31,RELIEF HILL UPPER POND NR NORTH BLOOMFIELD CA,392120120511801,07/30/2002,15:00,Environmental,NP,73.2,W1,0.29,W1,12.0
SY-31,RELIEF HILL UPPER POND NR NORTH BLOOMFIELD CA,392120120511801,07/30/2002,15:00,Environmental,NP,67.0,C1,0,0,0
SY-32,RELIEF HILL POND NR RELIEF HILL CA,392119120512201,07/30/2002,13:00,Environmental,NP,19.5,W1,0.31,W1,0
SY-32,RELIEF HILL POND NR RELIEF HILL CA,392119120512201,07/30/2002,13:00,Environmental,NP,124,C1,0,0,0
SY-33,LITTLE ROCK C .05 MI BL BLUE TENT RD NR NEVADA CTY,391726120591401,07/09/2003,15:30,Environmental,NP,200,F1,0.88,F1,0
SY-34,LITTLE ROCK C .1 MI BL BLUE TENT RD NR NEVADA CITY,391727120591501,07/09/2003,15:00,Environmental,NP,337,F1,1.23,F1,0
SY-35,LITTLE ROCK C .2 MI BL BLUE TENT RD NR NEVADA CITY,391728120592201,07/09/2003,14:30,Environmental,NP,23.6,F1,0.08,F1,0
SY-36,LITTLE ROCK C .9 MI BL BLUE TENT RD NR NEVADA CITY,391742120593801,07/12/2003,10:40,Environmental,NP,178,F1,1.50,F1,0
SY-37,LITTLE ROCK C AB ROCK C NR NEVADA CITY CA,391759120594201,07/12/2003,14:30,Environmental,NP,112,F1,0.91,F1,0
SY-38,ROCK C AB LITTLE ROCK C NR NEVADA CITY CA,391756120594501,07/12/2003,14:00,Environmental,NP,149,F1,1.03,F1,0
SY-39,ROCK C A ROCK C RD NR NEVADA CITY CA,391810121001601,07/10/2003,12:40,Environmental,NP,95.9,F1,1.53,F1,0
SY-40,LAKE VERA ROCK C ARM NR NEVADA CITY CA,391803121012901,07/09/2003,13:00,Environmental,NP,116,F1,0.67,F1,0
SY-41,LAKE VERA IN THALWEG NR DAM NR NEVADA CITY CA,391807121014001,07/09/2003,14:00,Environmental,NP,49.3,F1,0.44,F1,0
SY-42,LAKE VERA S SHORE NR NEVADA CITY CA,391802121014001,07/09/2003,12:00,Environmental,NP,54.4,F1,0.09,F1,0
SY-44,S YUBA R AB LANGS CROSSING NR EMIGRANT GAP CA,391911120392201,10/31/2002,10:40,Environmental,NP,115,W1,5.92,W1,30.1
SY-44,S YUBA R AB LANGS CROSSING NR EMIGRANT GAP CA,391911120392201,09/07/2011,0,Environmental,https://doi.org/10.3133/ds1056,E6.4,N1,0.07,N1,0.70
SY-44,S YUBA R AB LANGS CROSSING NR EMIGRANT GAP CA,391911120392201,09/20/2012,0,Environmental,https://doi.org/10.3133/ds1056,E8.0,N1,E0.022,N1,0.70
SY-45,S YUBA R BL POORMAN C NR WASHINGTON CA,392119120484901,11/05/2002,15:00,Environmental,NP,496,W1,0.63,W1,8.74
SY-45,S YUBA R BL POORMAN C NR WASHINGTON CA,392119120484901,09/07/2011,0,Environmental,https://doi.org/10.3133/ds1056,178,N1,0.31,N1,0.60
SY-46,S YUBA R A MISSOURI BAR NR NEVADA CITY CA,392025120532201,10/29/2002,11:00,Environmental,NP,392,W1,26.2,W1,39.6
SY-48,S YUBA R AB PURDON CROSSING NR NEVADA CITY CA,391938121022901,10/21/2002,10:30,Environmental,NP,171,W1,5.70,W1,7.81
SY-50,S YUBA R A BRIDGEPORT CA,391734121112501,10/23/2002,13:30,Environmental,NP,406,W1,9.03,W1,14.0
SY-51,SAILOR FLAT MINE E DR GULCH NR NEVADA CITY CA,391940120574901,08/24/1999,11:45,Environmental,NP,0,0,0,0,26.2
SY-52,BLUE HOLE LK A SAILOR FLAT MINE NR NEVADA CITY CA,391937120575301,08/24/1999,11:00,Environmental,NP,7.1,C1,0.03,W1,0.71
SY-56,BIRCHVILLE POND NR FRENCH CORRAL CA,391937121090201,02/05/2002,16:30,Environmental,NP,9.4,W1,<0.06,W1,2.47
TR-01,EF TRINITY R A HORSE HEAVEN MDW NR MT SHASTA CA,410928122271201,08/13/2002,12:30,Environmental,NP,78.5,W1,0.79,W1,9.97
TR-01,EF TRINITY R A HORSE HEAVEN MDW NR MT SHASTA CA,410928122271201,08/13/2002,12:30,Environmental,NP,169,C1,0,0,0
TR-01,EF TRINITY R A HORSE HEAVEN MDW NR MT SHASTA CA,410928122271201,08/13/2002,12:31,Field Replicate,NP,222,C1,0,0,0
TR-02,TAMARACK C A EF TRINITY R NR MT SHASTA CA,410916122273801,08/13/2002,13:00,Environmental,NP,7.3,W1,0.03,W1,1.97
TR-02,TAMARACK C A EF TRINITY R NR MT SHASTA CA,410916122273801,08/13/2002,13:00,Environmental,NP,70.0,C1,0,0,0
TR-03,CROW C AB CONFLUENCE OF EF TRINITY R NR TRINITY CE,410740122315401,08/13/2002,11:00,Environmental,NP,563,W1,0.27,W1,3.37
TR-03,CROW C AB CONFLUENCE OF EF TRINITY R NR TRINITY CE,410740122315401,08/13/2002,11:00,Environmental,NP,585,C1,0,0,0
TR-05,ALTOONA MINE DR A EF TRINITY R NR TRINITY CENTER,410734122321601,08/13/2002,14:00,Environmental,NP,"13,200",W1,0.79,W1,5.77
TR-05,ALTOONA MINE DR A EF TRINITY R NR TRINITY CENTER,410734122321601,08/13/2002,14:00,Environmental,NP,"179,000",C1,0,0,0
TR-06,EF TRINITY R BL ALTOONA MINE DR NR TRINITY CENTER,410731122321801,08/13/2002,10:30,Environmental,NP,371,W1,0.66,W1,2.44
TR-06,EF TRINITY R BL ALTOONA MINE DR NR TRINITY CENTER,410731122321801,08/13/2002,10:30,Environmental,NP,"3,620",C1,0,0,0
TR-08,EF TRINITY R 1.2 MI BL DEVILS C NR TRINITY CENTER,410259122355201,08/12/2002,13:00,Environmental,NP,205,W1,<0.01,W1,1.48
TR-08,EF TRINITY R 1.2 MI BL DEVILS C NR TRINITY CENTER,410259122355201,08/12/2002,13:00,Environmental,NP,"17,100",C1,0,0,0
TR-09,EF TRINITY R BL COUNTY RD 106 NR TRINITY CENTER CA,410031122370901,08/12/2002,10:00,Environmental,NP,254,W1,0.27,W1,1.41
TR-09,EF TRINITY R BL COUNTY RD 106 NR TRINITY CENTER CA,410031122370901,08/12/2002,10:00,Environmental,NP,"6,970",C1,0,0,0
TR-11,TRINITY R A BIG FLAT DAY USE AREA NR BIG BAR CA,404427123125701,08/27/2002,14:30,Environmental,NP,10.2,W1,0.17,W1,1.16
TR-11,TRINITY R A BIG FLAT DAY USE AREA NR BIG BAR CA,404427123125701,08/27/2002,14:30,Environmental,NP,110,C1,0,0,0
TR-12,TRINITY R A HAYDEN FLAT NR BIG BAR CA,404656123204501,08/27/2002,9:30,Environmental,NP,14.2,W1,0.32,W1,2.05
TR-12,TRINITY R A HAYDEN FLAT NR BIG BAR CA,404656123204501,08/27/2002,9:30,Environmental,NP,88.0,C1,0,0,0
TR-13,CANYON C BL CONRAD GULCH NR JUNCTION CITY CA,404723123032001,08/27/2002,16:00,Environmental,NP,4.4,W1,<0.05,W1,0.85
TR-13,CANYON C BL CONRAD GULCH NR JUNCTION CITY CA,404723123032001,08/27/2002,16:00,Environmental,NP,107,C1,0,0,0
TR-14,EF OF NF TRINITY R .53 MI AB BARNEY GULCH,404940123072901,08/27/2002,12:00,Environmental,NP,3.9,W1,<0.06,W1,0.92
TR-14,EF OF NF TRINITY R .53 MI AB BARNEY GULCH,404940123072901,08/27/2002,12:00,Environmental,NP,286,C1,0,0,0
TR-15,NEW R A DENNY CAMPGROUND NR DENNY CA,405557123233401,08/26/2002,15:30,Environmental,NP,16.5,W1,<0.09,W1,1.42
TR-15,NEW R A DENNY CAMPGROUND NR DENNY CA,405557123233401,08/26/2002,15:30,Environmental,NP,182,C1,0,0,0
SNI-005,BELDEN PH A BELDEN CA,11403050,09/19/2011,0,Environmental,https://doi.org/10.3133/ds1056,10.5,N1,0.18,N1,1.80
SNI-005,BELDEN PH A BELDEN CA,11403050,10/16/2012,0,Environmental,https://doi.org/10.3133/ds1056,E7.4,N1,0.03,N1,1.50
SNI-006,SPANISH C BL CLEAR C NR KEDDIE CA,400129120580701,09/20/2011,0,Environmental,https://doi.org/10.3133/ds1056,21.6,N1,0.31,N1,1.90
SNI-006,SPANISH C BL CLEAR C NR KEDDIE CA,400129120580701,10/16/2012,0,Environmental,https://doi.org/10.3133/ds1056,13.7,N1,0.12,N1,0.80
SNI-007,SPANISH C NR EAST QUINCY CA,395830120542501,09/20/2011,0,Environmental,https://doi.org/10.3133/ds1056,22.4,N1,0.16,N1,1.90
SNI-009,MF FEATHER R A SLOAT CA,11393000,09/21/2011,0,Environmental,https://doi.org/10.3133/ds1056,26.6,N1,0.27,N1,1.60
SNI-011,MF FEATHER R NR DELLEKER CA,394647120314501,09/22/2011,0,Environmental,https://doi.org/10.3133/ds1056,160,N1,0.07,N1,0.90
SNI-012,MERCED R AB BM1186 NR BRICEBURG CA,373637119573801,11/03/2011,0,Environmental,https://doi.org/10.3133/ds1056,9.0,N1,0.66,N1,1.90
SNI-013,MERCED R AB HWY 140 BRIDGE NR EL PORTAL CA,374017119472301,11/02/2011,0,Environmental,https://doi.org/10.3133/ds1056,E1.4,N1,0.11,N1,0.70
SNI-040,MF COSUMNES R NR PIPI VLY NR OMO RANCH CA,383403120272101,08/30/2012,0,Environmental,https://doi.org/10.3133/ds1056,E2.4,N1,0.10,N1,0.70
SNI-042,WOLF C NR LA BARR MEADOWS CA,390955121034101,09/06/2012,0,Environmental,https://doi.org/10.3133/ds1056,52.9,N1,0.40,N1,3.30
SNI-043,S WOLF C NR CHICAGO PARK CA,390722121013901,09/06/2012,0,Environmental,https://doi.org/10.3133/ds1056,381,N1,1.00,N1,2.90
SNI-045,SF DEER C NR WASHINGTON CA,391754120504801,09/25/2012,0,Environmental,https://doi.org/10.3133/ds1056,19.4,N1,0.14,N1,5.10
SNI-046,S YUBA R NR CISCO CA,11414000,09/25/2012,0,Environmental,https://doi.org/10.3133/ds1056,E3.5,N1,E0.044,N1,1.20
SNI-047,FORDYCE C AB LK SPAULDING NR EMIGRANT GAP CA,392122120364501,10/01/2012,0,Environmental,https://doi.org/10.3133/ds1056,9.1,N1,0.07,N1,0.80
SNI-048,MF COSUMNES R NR OMO RANCH CA,383632120365101,10/03/2012,0,Environmental,https://doi.org/10.3133/ds1056,E3.7,N1,0.04,N1,0.90
SNI-051,SF FEATHER R NR LA PORTE CA,394034121051801,10/17/2012,0,Environmental,https://doi.org/10.3133/ds1056,31.2,N1,0.12,N1,7.10
SNI-052,SF FEATHER R 0.15 MI BL FORBESTOWN DAM CA,393302121124501,10/31/2012,0,Environmental,https://doi.org/10.3133/ds1056,E4.6,N1,0.06,N1,1.80
SNI-053,MF FEATHER R A MILSAP BAR NR BRUSH CREEK CA,393302121124501,10/31/2012,0,Environmental,https://doi.org/10.3133/ds1056,9.1,N1,0.08,N1,0.70
SNI-054,MF FEATHER R ABV BRAY C NR SLOAT CA,395141120504901,11/07/2012,0,Environmental,https://doi.org/10.3133/ds1056,26.4,N1,0.30,N1,1.20
SNI-055,SF AMERICAN R A MOSQUITO RD NR PLACERVILLE CA,395141120504901,11/14/2012,0,Environmental,https://doi.org/10.3133/ds1056,E4.5,N1,0.15,N1,1.20
SNI-056,SILVER FORK OF AMERICAN R NR KYBURZ CA,384526120162901,11/14/2012,0,Environmental,https://doi.org/10.3133/ds1056,E1.1,N1,<.05,N1,0.60
SNI-057,NF OF MF AMERICAN R NR MICHIGAN BLUFF CA,390120120431601,11/15/2012,0,Environmental,https://doi.org/10.3133/ds1056,21.5,N1,0.10,N1,1.00
SNI-058,RUBICON R NR VOLCANOVILLE CA,385957120432401,11/15/2012,0,Environmental,https://doi.org/10.3133/ds1056,E1.3,N1,<.05,N1,0.70
,,,,,,,,,,,
,,,,,,,,,,,
