Station Map ID,USGS Station Name,USGS Station Number,Date,Time,Sample Type,Delta-18O SO4 (per mil VSMOW),Delta-34S SO4 (per mil CDT),Delta-18O H2O (per mil VSMOW),Delta-D H2O (per mil VSMOW),"Nitrogen, ammonia, filtered (mg/L)","Nigrogen, ammonia plus organic, filtered (mg/L)","Nitrogen, ammonia plus organic, unfiltered (mg/L)","Nitrogen, nitrite plus nitrate, filtered (mg/L)","Nitrogen, nitrite, filtered (mg/L)","Total nitrogen, particulate (mg/L)","Total phosphorus, filtered (mg/L)","Phosphorous, orthophosphate, filtered (mg/)","Total phosphorus, unfiltered (mg/L)","Carbon, inorganic plus organic, particulate (mg/L)","Carbon, organic, filtered (mg/L)","Carbon, organic, particulate (mg/L)","Alkalinity, laboratory (mg/L as CaCO3)",Chloride (mg/L),Sulfate (mg/L)
AR-03,GOLD RUN TUNNEL OUTLET  NR COLFAX CA,3.90945E+14,2/21/2001,10:30,Environmental,-3.7,-8.9,-11.1,ND,ND,ND,ND,ND,ND,ND,ND,ND,ND,ND,ND,ND,ND,1.1,94
AR-03,GOLD RUN TUNNEL OUTLET  NR COLFAX CA,3.90945E+14,2/21/2001,10:31,Laboratory Replicate,-3.7,ND,ND,ND,ND,ND,ND,ND,ND,ND,ND,ND,ND,ND,ND,ND,ND,ND,ND
AR-03,GOLD RUN TUNNEL OUTLET  NR COLFAX CA,3.90945E+14,11/6/2002,13:00,Environmental,ND,ND,ND,ND,<.04,<.10,E.06,0.14,E.004,ND,E.004,<.02,0.006,ND,0.5,<.2,ND,2.3,0.04
AR-05,GOLD RUN MINE POND NR INDIANA RAVINE NR GOLD RUN,3.90932E+14,2/21/2001,12:30,Environmental,0.3,-6.4,-11,-80.3,E.02,<.10,0.09,<.05,<.006,ND,<.006,<.02,0.007,ND,1.1,0.2,ND,0.64,170
AR-06,KEYSTONE MINE TUNNEL OUTLET NR FORRESTHILLS CA,3.90305E+14,11/6/2002,17:00,Environmental,ND,ND,ND,ND,<.04,<.10,<.10,E.05,<.008,ND,0.039,0.04,0.165,ND,E.2,<.2,69,1.3,7.6
AR-07,GLEESON DIGGINS MAIN SLUICE CUT NR IOWA HILL CA,3.90455E+14,2/7/2002,15:00,Environmental,ND,ND,ND,ND,<.04,<.10,0.19,<.05,<.008,ND,E.003,<.02,0.007,ND,0.6,<.2,ND,0.8,0.04
AR-09,JUPITER MINE TUNNEL MIDWAY A SLUICE CUT,3.90629E+14,2/7/2002,13:00,Environmental,2.3,-26.2,-10.2,-70.7,<.04,<.10,E.08,E.03,<.008,ND,E.004,<.02,E.003,ND,1.3,<.2,ND,1.6,54
AR-09,JUPITER MINE TUNNEL MIDWAY A SLUICE CUT,3.90629E+14,2/7/2002,13:01,Laboratory Replicate,2.2,ND,ND,ND,ND,ND,ND,ND,ND,ND,ND,ND,ND,ND,ND,ND,ND,ND,ND
AR-10,AMERICAN R A FAIR OAKS CA,11446500,6/23/2003,11:30,Environmental,ND,ND,ND,ND,<.04,E.06,E.09,<.06,<.008,<.02,E.003,<.02,0.005,0.1,1.5,0.2,20,ND,ND
AR-11,ALDER C POND A HWY 50 A NIMBUS CA,3.83809E+14,6/18/2003,16:40,Environmental,ND,ND,ND,ND,<.04,0.3,0.66,<.06,<.008,0.34,0.016,<.02,0.067,2.2,3.8,2.1,128,ND,ND
AR-11,ALDER C POND A HWY 50 A NIMBUS CA,3.83809E+14,6/18/2003,17:50,Environmental,ND,ND,ND,ND,E.04,0.63,3.4,<.06,<.008,2.16,0.028,<.02,0.193,13.1,6.3,13.1,117,ND,ND
AR-12,ALDER C A PRAIRIE CITY RD NR FOLSOM CA,3.83824E+14,6/19/2003,14:20,Environmental,ND,ND,ND,ND,<.04,0.33,0.37,<.06,<.008,<.02,0.041,0.03,0.052,0.2,4.8,0.2,165,ND,ND
AR-13,ALDER C A FOLSOM BLVD NR NIMBUS CA,3.83816E+14,6/19/2003,9:40,Environmental,ND,ND,ND,ND,<.04,0.13,0.22,0.13,<.008,<.02,0.048,0.04,0.06,0.1,2.9,0.1,138,ND,ND
AR-14,UNNAMED TRIB TO ALDER C NR FOLSOM CA,3.83834E+14,6/20/2003,12:10,Environmental,ND,ND,ND,ND,<.04,0.32,0.36,<.06,<.008,0.02,0.048,0.03,0.059,0.2,4.6,0.2,166,ND,ND
AR-15,WILLOW C .1 MI US LK NATOMA NR FOLSOM CA,3.83859E+14,6/19/2003,11:50,Environmental,ND,ND,ND,ND,<.04,0.14,0.27,<.06,<.008,<.02,0.028,0.02,0.051,0.2,2.4,0.2,109,ND,ND
AR-16,WILLOW C A E BIDWELL ST NR FOLSOM CA,3.84006E+14,6/20/2003,10:10,Environmental,ND,ND,ND,ND,<.04,0.31,0.32,E.05,<.008,<.02,0.037,0.02,0.054,0.1,4.6,0.1,130,ND,ND
AR-17,WILLOW C A GOLF LINKS DRIVE NR FOLSOM CA,3.8403E+14,6/20/2003,15:10,Environmental,ND,ND,ND,ND,<.04,0.29,0.31,0.09,<.008,<.02,0.02,<.02,0.027,0.1,3.7,0.1,121,ND,ND
AR-18,WILLOW C A LK NATOMA NR FOLSOM CA,3.83859E+14,6/18/2003,12:30,Environmental,ND,ND,ND,ND,<.04,E.07,0.16,E.03,<.008,0.07,0.008,<.02,0.017,0.8,1.9,0.8,23,ND,ND
AR-18,WILLOW C A LK NATOMA NR FOLSOM CA,3.83859E+14,6/18/2003,13:10,Environmental,ND,ND,ND,ND,<.04,E.06,0.16,<.06,<.008,0.03,0.009,<.02,0.017,0.3,1.9,0.3,41,ND,ND
AR-19,WILLOW C A SIBLEY RD NR FOLSOM CA,3.83927E+14,6/19/2003,16:00,Environmental,ND,ND,ND,ND,<.04,0.21,0.26,0.09,<.008,<.02,0.039,0.03,0.052,0.3,2.6,0.2,104,ND,ND
AR-20,HUMBUG C A E BIDWELL ST NR FOLSOM CA,3.8401E+14,6/20/2003,8:50,Environmental,ND,ND,ND,ND,ND,ND,ND,ND,ND,ND,ND,ND,ND,ND,ND,ND,106,ND,ND
BR-03,BEAR R BL DUTCH FLAT AFTERBAY NR DUTCH FLAT CA,11421790,9/30/1999,13:00,Environmental,ND,ND,ND,ND,0.07,0.15,0.3,<.05,<.010,ND,<.006,<.01,0.059,ND,1,0.6,25,ND,ND
BR-03,BEAR R BL DUTCH FLAT AFTERBAY NR DUTCH FLAT CA,11421790,10/1/1999,17:50,Environmental,ND,ND,ND,ND,0.04,E.09,0.15,<.05,<.010,ND,<.006,<.01,0.011,ND,1.1,0.3,ND,ND,ND
BR-04,BEAR R AB GRVL PLNT AB STEEPHOLLOW C CHICAGO PARK,3.91038E+14,1/26/2000,11:50,Environmental,ND,ND,ND,ND,<.02,<.10,<.10,0.08,<.010,ND,<.006,<.01,<.05,ND,1,<.2,20,ND,ND
BR-06,BEAR R BL WOLF C NR LUCAS HILL CA,3.90107E+14,2/7/2002,12:30,Environmental,ND,ND,-11,-85.3,ND,ND,ND,ND,ND,ND,ND,ND,ND,ND,ND,ND,ND,ND,ND
BR-07,BEAR R NR WHEATLAND CA,11424000,6/23/1999,11:00,Environmental,ND,ND,-10.2,-73.4,<.02,0.14,0.13,0.06,<.010,ND,<.004,0.01,0.005,ND,1.5,0.2,30,ND,ND
BR-08,BEAR R A PLEASANT GROVE RD NR SHERIDAN CA,3.85904E+14,3/19/2003,11:30,Environmental,ND,ND,ND,ND,ND,ND,ND,ND,ND,ND,ND,ND,ND,ND,ND,ND,24,ND,ND
BR-10,BOSTON MINE TUNNEL OUTLET NR GRASS VALLEY CA,3.91346E+14,12/21/2001,12:10,Environmental,2.1,-12.2,-9.9,-68.6,ND,ND,ND,ND,ND,ND,ND,ND,ND,ND,ND,ND,ND,ND,ND
BR-10,BOSTON MINE TUNNEL OUTLET NR GRASS VALLEY CA,3.91346E+14,2/21/2002,15:10,Environmental,2.4,-11.4,-9.5,-67.1,ND,ND,ND,ND,ND,ND,ND,ND,ND,ND,ND,ND,ND,0.8,8
BR-10,BOSTON MINE TUNNEL OUTLET NR GRASS VALLEY CA,3.91346E+14,12/4/2002,11:10,Environmental,6,-5.9,-9.4,-62.5,<.04,<.10,E.09,E.05,<.008,ND,E.004,<.02,0.004,ND,0.4,<.2,ND,0.7,18
BR-13,BOSTON MINE LOWER POND SITE 3 NR GRASS VALLEY CA,3.91343E+14,8/27/2002,16:00,Environmental,ND,ND,ND,ND,ND,ND,ND,ND,ND,ND,ND,ND,ND,ND,ND,ND,33,0.87,1.5
BR-16,BOSTON MINE WETLANDS POND NR GRASS VALLEY CA,3.91343E+14,12/14/1999,10:30,Environmental,ND,ND,ND,ND,<.02,E.09,0.15,<.05,<.010,ND,E.005,<.01,0.011,ND,2.1,0.3,ND,ND,ND
BR-16,BOSTON MINE WETLANDS POND NR GRASS VALLEY CA,3.91343E+14,5/24/2000,16:30,Environmental,ND,ND,ND,ND,<.02,0.19,0.26,<.05,<.010,ND,0.008,<.01,0.025,ND,3.1,0.5,ND,ND,ND
BR-18,BOSTON MINE TUNNEL INFLOW A BULKHEAD NR GOLD RUN,3.91346E+14,12/4/2002,13:30,Environmental,ND,ND,ND,ND,ND,ND,ND,ND,ND,ND,ND,ND,ND,ND,ND,ND,ND,0.72,17
BR-20,BUCKEYE FLAT MINE N DR TO GREENHORN C GRASS VALLEY,3.91446E+14,2/21/2002,15:30,Environmental,ND,ND,ND,ND,<.04,<.10,<.10,<.05,<.008,ND,<.004,<.02,E.002,ND,0.6,<.2,ND,ND,ND
BR-25,BUCKEYE FLAT MINE UPPER DRAIN TO GREENHORN C,3.91453E+14,4/9/2001,10:00,Environmental,ND,ND,ND,ND,ND,ND,ND,ND,ND,ND,ND,ND,ND,ND,ND,ND,ND,0.67,44
BR-28,BUCKEYE FLAT MINE DRAIN .06 MI AB GREENHORN C,3.91416E+14,2/21/2002,15:00,Environmental,-1.3,-19.1,-9.8,-68,<.04,<.10,<.10,<.05,<.008,ND,E.003,<.02,<.004,ND,0.5,0.2,ND,ND,ND
BR-30,GREENHORN C NR HEADWATERS NR SCOTTS FLAT RES,3.91657E+14,2/21/2002,19:40,Environmental,ND,ND,ND,ND,ND,ND,ND,ND,ND,ND,ND,ND,ND,ND,ND,ND,ND,0.78,0.71
BR-35,GREENHORN C BL GAS CYN NR GRASS VALLEY CA,3.91434E+14,2/21/2002,16:30,Environmental,ND,ND,-10.6,-72.8,ND,ND,ND,ND,ND,ND,ND,ND,ND,ND,ND,ND,ND,1.1,3.9
BR-39,GREENHORN C .2 MI BL THE NARROWS,3.91329E+14,2/21/2002,15:00,Environmental,-1.5,-8.6,-10.5,-73.6,<.04,<.10,E.05,E.04,<.008,ND,<.004,<.02,0.023,ND,0.7,0.3,ND,1.1,6.5
BR-40,GREENHORN C A YOU BET RD BRDG NR NEVADA CITY CA,3.91116E+14,1/22/2002,11:10,Environmental,0.2,-8.1,-10.2,-71,<.04,<.10,<.10,0.06,<.008,ND,<.004,<.02,0.005,ND,0.7,<.2,12,1.3,9.9
BR-40,GREENHORN C A YOU BET RD BRDG NR NEVADA CITY CA,3.91116E+14,2/6/2002,11:00,Environmental,-1,ND,-10.4,-72.5,<.04,<.10,<.10,0.06,<.008,ND,E.002,<.02,E.002,ND,0.5,<.2,12,ND,ND
BR-40,GREENHORN C A YOU BET RD BRDG NR NEVADA CITY CA,3.91116E+14,2/21/2002,11:00,Environmental,-1.1,-10.1,-10.3,-71.2,ND,ND,ND,ND,ND,ND,ND,ND,ND,ND,ND,ND,9,ND,ND
BR-40,GREENHORN C A YOU BET RD BRDG NR NEVADA CITY CA,3.91116E+14,3/12/2002,13:20,Environmental,ND,-9,-10.3,-71.9,<.04,<.10,E.09,0.05,<.008,ND,<.004,<.02,0.11,ND,0.6,0.5,10,1.2,5.9
BR-40,GREENHORN C A YOU BET RD BRDG NR NEVADA CITY CA,3.91116E+14,3/12/2002,13:21,Laboratory Replicate,ND,-8.6,ND,ND,ND,ND,ND,ND,ND,ND,ND,ND,ND,ND,ND,ND,ND,ND,ND
BR-40,GREENHORN C A YOU BET RD BRDG NR NEVADA CITY CA,3.91116E+14,4/9/2002,14:00,Environmental,-0.3,-7.7,-10.3,-70.5,<.04,<.10,<.10,<.05,<.008,ND,<.004,<.02,0.004,ND,0.5,<.2,13,1.5,7.7
BR-40,GREENHORN C A YOU BET RD BRDG NR NEVADA CITY CA,3.91116E+14,4/9/2002,14:01,Laboratory Replicate,ND,8,ND,ND,ND,ND,ND,ND,ND,ND,ND,ND,ND,ND,ND,ND,ND,ND,ND
BR-40,GREENHORN C A YOU BET RD BRDG NR NEVADA CITY CA,3.91116E+14,5/6/2002,13:20,Environmental,ND,-7.9,-10.1,-69.4,<.04,E.06,<.10,<.05,<.008,ND,<.004,<.02,0.008,ND,0.7,<.2,15,1.3,11
BR-40,GREENHORN C A YOU BET RD BRDG NR NEVADA CITY CA,3.91116E+14,6/17/2002,11:40,Environmental,ND,ND,ND,ND,<.04,<.10,<.10,<.05,<.008,ND,<.004,<.02,E.004,ND,0.5,<.2,14,1.5,11
BR-40,GREENHORN C A YOU BET RD BRDG NR NEVADA CITY CA,3.91116E+14,7/8/2002,13:00,Environmental,0.1,-8.5,-10.1,-72.8,<.04,<.10,E.06,E.02,<.008,ND,<.004,<.02,0.004,ND,0.5,<.2,13,1.5,12
BR-40,GREENHORN C A YOU BET RD BRDG NR NEVADA CITY CA,3.91116E+14,7/8/2002,13:01,Laboratory Replicate,ND,ND,ND,-72.2,ND,ND,ND,ND,ND,ND,ND,ND,ND,ND,ND,ND,ND,ND,ND
BR-40,GREENHORN C A YOU BET RD BRDG NR NEVADA CITY CA,3.91116E+14,8/20/2002,13:20,Environmental,ND,ND,ND,ND,<.04,<.10,<.10,<.05,<.008,ND,<.004,<.02,E.003,ND,0.6,<.2,11,1.7,1.8
BR-40,GREENHORN C A YOU BET RD BRDG NR NEVADA CITY CA,3.91116E+14,9/9/2002,10:00,Environmental,0.4,-8.9,-9.9,-71.6,<.04,<.10,<.10,<.05,<.008,ND,E.002,<.02,E.002,ND,0.5,<.2,12,1.2,14
BR-40,GREENHORN C A YOU BET RD BRDG NR NEVADA CITY CA,3.91116E+14,10/17/2002,10:10,Environmental,0.8,-8.5,-9.8,-69.4,<.04,<.10,E.06,<.06,<.008,ND,E.002,<.02,E.003,ND,0.5,<.2,9,1.5,18
BR-40,GREENHORN C A YOU BET RD BRDG NR NEVADA CITY CA,3.91116E+14,11/12/2002,11:00,Environmental,1.7,-8.6,-9.2,-64,<.04,E.08,1.1,0.16,<.008,ND,E.003,<.02,0.026,ND,1.7,<.2,11,ND,ND
BR-40,GREENHORN C A YOU BET RD BRDG NR NEVADA CITY CA,3.91116E+14,12/18/2002,14:40,Environmental,1.6,-8.3,ND,ND,<.04,E.08,0.12,0.11,<.008,0.06,E.003,<.02,0.159,1.4,1.5,1.2,ND,1.8,11
BR-40,GREENHORN C A YOU BET RD BRDG NR NEVADA CITY CA,3.91116E+14,1/13/2003,13:20,Environmental,-0.5,-7.2,ND,ND,<.04,E.07,<.10,E.04,<.008,0.05,E.002,<.02,0.067,0.3,0.9,0.2,ND,1.5,8.3
BR-40,GREENHORN C A YOU BET RD BRDG NR NEVADA CITY CA,3.91116E+14,2/5/2003,13:20,Environmental,-0.5,-7.3,ND,ND,<.04,<.10,E.06,E.03,<.008,<.02,<.004,<.02,<.004,<.1,0.6,<.12,14,1.5,10
BR-40,GREENHORN C A YOU BET RD BRDG NR NEVADA CITY CA,3.91116E+14,2/5/2003,13:21,Laboratory Replicate,-0.6,ND,ND,ND,ND,ND,ND,ND,ND,ND,ND,ND,ND,ND,ND,ND,ND,ND,ND
BR-40,GREENHORN C A YOU BET RD BRDG NR NEVADA CITY CA,3.91116E+14,3/14/2003,14:00,Environmental,-0.2,-7.2,ND,ND,<.04,E.09,0.21,0.09,E.007,<.02,0.011,<.02,0.094,<.1,2.3,<.12,13,1.6,8.4
BR-40,GREENHORN C A YOU BET RD BRDG NR NEVADA CITY CA,3.91116E+14,3/14/2003,14:01,Laboratory Replicate,0.2,ND,ND,ND,ND,ND,ND,ND,ND,ND,ND,ND,ND,ND,ND,ND,ND,ND,ND
BR-40,GREENHORN C A YOU BET RD BRDG NR NEVADA CITY CA,3.91116E+14,3/15/2003,9:30,Environmental,0.5,-8.7,ND,ND,<.04,0.11,0.75,0.09,<.008,0.84,E.003,<.02,0.83,12.4,3.9,11.6,5,0.94,5.1
BR-40,GREENHORN C A YOU BET RD BRDG NR NEVADA CITY CA,3.91116E+14,4/28/2003,13:50,Environmental,ND,ND,ND,ND,<.04,<.10,0.14,E.05,<.008,0.1,0.007,<.02,0.187,1.1,1.1,0.8,20,1.2,5.9
BR-40,GREENHORN C A YOU BET RD BRDG NR NEVADA CITY CA,3.91116E+14,4/28/2003,13:52,Field Replicate,ND,ND,ND,ND,ND,ND,ND,ND,ND,ND,ND,ND,ND,ND,ND,ND,20,1.2,5.9
BR-40,GREENHORN C A YOU BET RD BRDG NR NEVADA CITY CA,3.91116E+14,5/12/2003,11:30,Environmental,ND,ND,ND,ND,<.04,<.10,<.10,<.06,<.008,<.02,0.004,<.02,0.098,0.2,0.9,<.12,12,1.2,6.6
BR-40,GREENHORN C A YOU BET RD BRDG NR NEVADA CITY CA,3.91116E+14,7/1/2003,7:50,Environmental,ND,ND,ND,ND,<.04,E.06,E.06,<.06,<.008,<.02,<.004,<.02,0.008,<.1,0.6,<.12,12,4.1,3.9
BR-40,GREENHORN C A YOU BET RD BRDG NR NEVADA CITY CA,3.91116E+14,10/14/2003,12:50,Environmental,ND,ND,ND,ND,<.04,<.10,E.06,<.06,<.008,<.02,E.003,<.02,E.002,<.1,1,<.12,15,1.6,12
BR-41,LITTLE GREENHORN C A GREENHORN C,3.91119E+14,2/21/2002,10:50,Environmental,ND,ND,ND,ND,<.04,E.05,0.7,0.19,<.008,ND,E.003,<.02,0.009,ND,1.3,0.2,ND,2,4.2
BR-45,MISSOURI CYN C 1.2 MI AB GREENHORN C NR CHICAGO PK,3.91259E+14,2/21/2002,17:30,Environmental,-1.2,-11.3,-10,-71.1,ND,ND,ND,ND,ND,ND,ND,ND,ND,ND,ND,ND,ND,0.92,29
BR-45,MISSOURI CYN C 1.2 MI AB GREENHORN C NR CHICAGO PK,3.91259E+14,2/21/2002,17:31,Laboratory Replicate,ND,ND,ND,-71,ND,ND,ND,ND,ND,ND,ND,ND,ND,ND,ND,ND,ND,ND,ND
BR-50,POORE MINE C BL TUNNEL NR GRASS VALLEY CA,3.91343E+14,2/21/2002,17:20,Environmental,0.3,-12.5,-10.1,-69,ND,ND,ND,ND,ND,ND,ND,ND,ND,ND,ND,ND,ND,1.3,5.8
BR-51,POORE MINE PIT LAKE NR GRASS VALLEY CA,3.91354E+14,2/6/2002,16:00,Environmental,-3.9,20,-10.6,-73.6,<.04,<.10,0.12,<.05,<.008,ND,E.002,<.02,0.011,ND,1.3,0.3,ND,0.68,54
BR-52,POORE MINE TUNNEL EFFLUENT NR GRASS VALLEY CA,3.91347E+14,2/21/2002,17:00,Environmental,-2.5,-6.7,-9.9,-69.8,ND,ND,ND,ND,ND,ND,ND,ND,ND,ND,ND,ND,ND,0.7,44
BR-52,POORE MINE TUNNEL EFFLUENT NR GRASS VALLEY CA,3.91347E+14,2/21/2002,17:01,Laboratory Replicate,-2.2,ND,ND,ND,ND,ND,ND,ND,ND,ND,ND,ND,ND,ND,ND,ND,ND,ND,ND
BR-57,HUNTS HILL DRAIN .03 MI AB GREENHORN C,3.91417E+14,2/21/2002,14:30,Environmental,-1.1,-6.6,-9.8,-66.4,<.04,<.10,E.05,<.05,<.008,ND,E.003,<.02,0.005,ND,1.2,<.2,ND,1.1,12
BR-57,HUNTS HILL DRAIN .03 MI AB GREENHORN C,3.91417E+14,2/21/2002,14:31,Laboratory Replicate,ND,ND,-9.8,ND,ND,ND,ND,ND,ND,ND,ND,ND,ND,ND,ND,ND,ND,ND,ND
BR-58,GAS CANYON CR .05 MI AB GREENHORN C,3.91437E+14,2/21/2002,16:00,Environmental,-3.7,-3.8,-10.2,-68.7,<.04,<.10,E.06,E.03,<.008,ND,<.004,<.02,0.02,ND,0.6,0.5,ND,1.4,32
BR-58,GAS CANYON CR .05 MI AB GREENHORN C,3.91437E+14,2/21/2002,16:01,Laboratory Replicate,-3.7,ND,-10.1,ND,ND,ND,ND,ND,ND,ND,ND,ND,ND,ND,ND,ND,ND,ND,ND
BR-62,SF GREENHORN C BLW BOSTON MINE NR NEVADA CITY CA,3.91351E+14,12/21/2001,12:40,Environmental,ND,-11.5,-10.5,-74.1,ND,ND,ND,ND,ND,ND,ND,ND,ND,ND,ND,ND,ND,ND,ND
BR-62,SF GREENHORN C BLW BOSTON MINE NR NEVADA CITY CA,3.91351E+14,2/21/2002,16:00,Environmental,ND,ND,ND,ND,<.04,<.10,<.10,0.12,<.008,ND,E.004,<.02,0.005,ND,1,<.2,ND,0.99,3.5
BR-64,SAILOR FLAT E TRIB A MOUTH TO GREENHORN C,3.91611E+14,2/21/2002,12:00,Environmental,ND,ND,ND,ND,<.04,<.10,<.10,<.05,<.008,ND,0.005,<.02,0.011,ND,1.7,<.2,ND,1.5,1.7
BR-66,TOM JERRY MINE DR A TUNNEL OUTLET NR NEVADA CITY,3.91627E+14,7/30/2002,17:40,Environmental,7.4,-4.5,-10.3,-71.4,E.04,0.11,0.16,<.05,<.008,ND,E.003,<.02,0.084,ND,0.7,0.5,25,1,12
BR-73,STARR MINE TUNNEL OUTLET NR GRASS VALLEY CA,3.9133E+14,2/21/2002,16:20,Environmental,-1.4,-19.1,-10.1,-68.7,ND,ND,ND,ND,ND,ND,ND,ND,ND,ND,ND,ND,50,0.96,22
BR-74,STARR MINE TUNNEL SW OUTLET NR GRASS VALLEY CA,3.91329E+14,2/21/2002,16:00,Environmental,-3.7,-3.8,-9.7,-67.9,ND,ND,ND,ND,ND,ND,ND,ND,ND,ND,ND,ND,ND,0.59,28
BR-74,STARR MINE TUNNEL SW OUTLET NR GRASS VALLEY CA,3.91329E+14,2/21/2002,16:01,Laboratory Replicate,-3.7,ND,ND,ND,ND,ND,ND,ND,ND,ND,ND,ND,ND,ND,ND,ND,ND,ND,ND
BR-75,POLAR STAR MINE PIT SUMP NR DUTCH FLAT CA,3.91245E+14,8/3/2000,13:40,Environmental,ND,ND,ND,ND,0.14,1.2,31,0.22,0.105,ND,0.139,<.01,15.5,ND,16.6,>14.3,ND,ND,ND
BR-76,POLAR STAR MINE TUNNEL INLET NR DUTCH FLAT CA,3.91243E+14,5/7/1999,12:00,Environmental,-3.2,-4,-9.7,-68.6,0.04,<.10,E.06,0.07,<.010,ND,<.004,0.02,<.004,ND,ND,ND,21,ND,ND
BR-77,POLAR STAR MINE TUNNEL MIDWAY NR DUTCH FLAT CA,3.91245E+14,5/7/1999,10:30,Environmental,-3.8,-3.6,ND,ND,0.03,E.06,E.07,0.06,<.010,ND,<.004,0.02,<.004,ND,ND,ND,23,ND,ND
BR-78,POLAR STAR MINE TUNNEL DISCHARGE NR DUTCH FLAT CA,3.91247E+14,5/7/1999,9:30,Environmental,-4.4,-4.3,-9.7,-68.2,<.04,E.06,<.10,E.03,<.008,ND,<.004,<.02,<.004,ND,0.7,<.2,23,ND,ND
BR-78,POLAR STAR MINE TUNNEL DISCHARGE NR DUTCH FLAT CA,3.91247E+14,5/27/1999,10:30,Environmental,-3.9,-4.5,-9.6,ND,<.02,E.09,E.09,<.05,<.010,ND,0.011,0.01,<.004,ND,ND,ND,ND,0.7,216
BR-78,POLAR STAR MINE TUNNEL DISCHARGE NR DUTCH FLAT CA,3.91247E+14,2/13/2001,10:20,Environmental,-4,-0.6,-10.5,-74,<.04,<.10,<.08,<.05,<.006,ND,E.003,<.02,E.002,ND,0.8,<.2,32,0.77,390
BR-78,POLAR STAR MINE TUNNEL DISCHARGE NR DUTCH FLAT CA,3.91247E+14,2/13/2001,10:21,Laboratory Replicate,-4.5,ND,ND,ND,ND,ND,ND,ND,ND,ND,ND,ND,ND,ND,ND,ND,ND,ND,ND
BR-78,POLAR STAR MINE TUNNEL DISCHARGE NR DUTCH FLAT CA,3.91247E+14,11/6/2001,10:30,Environmental,ND,ND,ND,ND,<.04,E.05,<.10,E.04,<.008,ND,<.004,<.02,<.004,ND,1.3,<.2,ND,ND,ND
BR-78,POLAR STAR MINE TUNNEL DISCHARGE NR DUTCH FLAT CA,3.91247E+14,12/21/2001,9:00,Environmental,-4.5,0.7,-10.7,-75.4,ND,ND,ND,ND,ND,ND,ND,ND,ND,ND,ND,ND,ND,0.51,169
BR-78,POLAR STAR MINE TUNNEL DISCHARGE NR DUTCH FLAT CA,3.91247E+14,12/21/2001,9:01,Laboratory Replicate,ND,0.8,ND,ND,ND,ND,ND,ND,ND,ND,ND,ND,ND,ND,ND,ND,ND,ND,ND
BR-79,POLAR STAR MINE BORROW PIT NR DUTCH FLAT CA,3.9125E+14,8/3/2000,15:30,Environmental,-5,-0.6,-7.4,-59.5,0.02,<.10,E.06,<.05,<.010,ND,<.006,<.01,<.008,ND,<.3,<.2,ND,ND,ND
BR-79,POLAR STAR MINE BORROW PIT NR DUTCH FLAT CA,3.9125E+14,8/3/2000,15:31,Laboratory Replicate,ND,-0.5,ND,-61.2,ND,ND,ND,ND,ND,ND,ND,ND,ND,ND,ND,ND,ND,ND,ND
BR-80,NF STEEPHOLLOW C NR BLUE CYN CA,3.91642E+14,7/1/1999,10:00,Environmental,ND,ND,-10.7,-76.2,ND,ND,ND,ND,ND,ND,ND,ND,ND,ND,ND,ND,22,1.6,3.1
BR-81,REMINGTON HILL MINE MAIN DISCHARGE NR BLUE CYN CA,3.91643E+14,7/1/1999,9:30,Environmental,ND,ND,-10.5,-73.6,ND,ND,ND,ND,ND,ND,ND,ND,ND,ND,ND,ND,25,ND,ND
BR-82,SE TRIB TO ROLLINS RES NR COLFAX CA,3.90815E+14,12/21/2001,7:30,Environmental,ND,-20.1,-10,-68.1,<.04,<.10,E.08,0.13,<.008,ND,<.004,<.02,E.003,ND,1,<.2,ND,ND,ND
BR-82,SE TRIB TO ROLLINS RES NR COLFAX CA,3.90815E+14,12/21/2001,7:31,Laboratory Replicate,ND,ND,ND,-69,ND,ND,ND,ND,ND,ND,ND,ND,ND,ND,ND,ND,ND,ND,ND
BR-83,POORMAN C AB ROLLINS RES A YOU BET RD NR COLFAX CA,3.90951E+14,12/21/2001,14:30,Environmental,ND,ND,ND,ND,<.04,E.06,E.05,0.11,<.008,ND,<.004,<.02,E.003,ND,1,<.2,ND,1.1,3.9
BR-84,S TRIB TO ROLLINS RES NR COLFAX CA,3.90753E+14,12/21/2001,8:00,Environmental,ND,ND,-10,-69.7,<.04,E.07,0.24,0.45,<.008,ND,0.005,<.02,0.012,ND,1.4,<.2,ND,ND,ND
BR-85,BEAR R BL STEEPHOLLOW C NR CHICAGO PARK CA,3.91023E+14,1/26/2000,13:00,Environmental,0.4,-2.5,-12.9,-95.1,ND,ND,ND,ND,ND,ND,ND,ND,ND,ND,ND,ND,20,ND,ND
BR-86,NW TRIB TO ROLLINS RES NR BEAR RIVER PINES CA,3.91006E+14,6/8/1999,12:30,Environmental,ND,ND,ND,ND,<.04,0.12,0.18,0.95,<.008,ND,0.007,<.02,0.025,ND,1.8,0.2,ND,ND,ND
BR-86,NW TRIB TO ROLLINS RES NR BEAR RIVER PINES CA,3.91006E+14,12/21/2001,12:30,Environmental,ND,ND,ND,ND,ND,ND,ND,ND,ND,ND,ND,ND,ND,ND,ND,ND,ND,3.7,1.9
BR-89,SOUTHERN CROSS MINE TUNNEL MIDWAY NR DUTCH FLAT CA,3.91237E+14,5/27/1999,15:00,Environmental,-4,-3.1,-9.6,-66.5,<.02,<.10,E.07,<.05,<.010,ND,0.004,0.01,<.004,ND,0.5,<.2,ND,1,184
BR-91,STEEPHOLLOW C A LOWELL HILL BRDG NR NEVADA CITY CA,3.91146E+14,1/26/2000,10:00,Environmental,-0.8,-6.1,-11.7,-83.6,<.02,<.10,0.5,<.05,<.010,ND,E.003,<.01,0.014,ND,1.6,0.2,24,ND,ND
BR-93,STUMP CYN C NE NR DUTCH FLAT CA,3.91351E+14,2/16/2000,12:45,Environmental,-0.6,-3.2,-12.5,-90.8,<.02,<.10,0.3,<.05,<.010,ND,<.006,<.01,0.3,ND,0.9,1,10,ND,ND
BR-94,STUMP CYN C NW NR DUTCH FLAT CA,3.9135E+14,2/16/2000,13:45,Environmental,ND,ND,-12.1,-87.9,<.02,<.10,<.10,<.05,<.010,ND,<.006,<.01,E.006,ND,1.4,<.2,10,ND,ND
BR-94,STUMP CYN C NW NR DUTCH FLAT CA,3.9135E+14,2/16/2000,13:46,Laboratory Replicate,ND,ND,-12.1,ND,ND,ND,ND,ND,ND,ND,ND,ND,ND,ND,ND,ND,ND,ND,ND
BR-95,YOU BET MINE OUTLET TO MAIN DRAIN TNNL NR GOLD RUN,3.91215E+14,5/6/1999,12:30,Environmental,-4,-9.4,-9.6,-67.7,0.04,<.10,E.05,0.07,<.010,ND,<.004,0.02,<.004,ND,ND,ND,ND,ND,ND
BR-96,YOU BET MINE INLET TO MAIN DRAIN TNNL NR GOLD RUN,3.91223E+14,5/6/1999,15:00,Environmental,-4.5,-8.6,-9.6,-68.1,0.04,E.06,E.06,0.06,<.010,ND,<.004,0.02,<.004,ND,ND,ND,ND,ND,ND
BR-96,YOU BET MINE INLET TO MAIN DRAIN TNNL NR GOLD RUN,3.91223E+14,5/6/1999,15:01,Laboratory Replicate,-4.3,-8.8,ND,-68.1,ND,ND,ND,ND,ND,ND,ND,ND,ND,ND,ND,ND,ND,ND,ND
BR-99,YOU BET MINE SW DRAINAGE TUNNEL NR GOLD RUN CA,3.91144E+14,5/5/1999,14:30,Environmental,-0.3,-20.4,-9.4,ND,0.04,<.10,<.10,0.06,<.010,ND,<.004,0.01,0.004,ND,0.7,<.2,ND,ND,ND
BR-100,YOU BET SOUTH WEST-3 TUNNEL NR GOLD RUN CA,3.91147E+14,2/6/2002,10:30,Environmental,1.7,-21.1,-10.1,-69.3,ND,ND,ND,ND,ND,ND,ND,ND,ND,ND,ND,ND,ND,0.8,89
BR-101,WALLOUPA MINE SOUTH DRAINAGE TUNNEL NR GOLD RUN CA,3.91132E+14,2/6/2002,12:30,Environmental,3.5,-19.9,-9.1,-67.5,ND,ND,ND,ND,ND,ND,ND,ND,ND,ND,ND,ND,ND,0.97,8.6
BR-101,WALLOUPA MINE SOUTH DRAINAGE TUNNEL NR GOLD RUN CA,3.91132E+14,2/6/2002,12:31,Laboratory Replicate,3.3,ND,-9.1,ND,ND,ND,ND,ND,ND,ND,ND,ND,ND,ND,ND,ND,ND,ND,ND
BR-102,WALLOUPA MINE EAST DRAINAGE TUNNEL NR GOLD RUN CA,3.91144E+14,5/5/1999,15:20,Environmental,-1,-24.1,-9.3,-65.4,ND,ND,ND,ND,ND,ND,ND,ND,ND,ND,ND,ND,0.3,ND,ND
BR-102,WALLOUPA MINE EAST DRAINAGE TUNNEL NR GOLD RUN CA,3.91144E+14,6/19/2003,15:20,Environmental,ND,ND,ND,ND,0.04,<.10,E.05,0.06,<.010,ND,<.004,0.01,<.004,ND,0.5,<.2,ND,ND,ND
DC-02,DEER C AB SCOTTS FLAT RES NR NEVADA CITY CA,3.91731E+14,1/27/2000,10:00,Environmental,ND,ND,-11.5,-82.5,<.02,<.10,<.10,<.05,<.010,ND,<.006,<.01,E.004,ND,1,ND,13,ND,ND
DC-03,DEER C BL SCOTTS FLAT RES NR NEVADA CITY CA,3.91617E+14,1/27/2000,13:30,Environmental,ND,ND,-10.2,-75.8,ND,ND,ND,ND,ND,ND,ND,ND,ND,ND,ND,ND,13,ND,ND
DC-05,DEER C BL DEER C FALLS NR ROUGH AND READY CA,3.9144E+14,8/24/2000,10:00,Environmental,ND,ND,-10.3,-75,<.02,E.08,E.07,0.07,<.010,ND,0.016,0.01,0.02,ND,1,<.2,21,3.2,2.9
DC-08,UNNAMED TRIB TO DEER C A SCOTTS FLAT RES BL CASCI,3.91728E+14,1/27/2000,11:00,Environmental,ND,ND,-10.8,-76.5,<.02,<.10,<.10,<.05,<.010,ND,0.016,0.02,0.025,ND,1.5,0.2,26,ND,ND
LY-04,YUBA R NR SMARTSVILLE CA,11419600,12/11/2002,11:00,Environmental,ND,ND,-11.4,-82.4,ND,ND,ND,ND,ND,ND,ND,ND,ND,ND,ND,ND,34,1,3.6
LY-05,YUBA R A DAQUERRA PT NR BROWNS VALLEY CA,11420800,8/28/2001,15:00,Environmental,ND,ND,ND,ND,<.04,E.06,<.08,<.05,<.006,ND,E.005,<.02,0.006,ND,0.7,<.2,ND,ND,ND
LY-05,YUBA R A DAQUERRA PT NR BROWNS VALLEY CA,11420800,12/10/2002,11:40,Environmental,ND,ND,-11.2,-79,ND,ND,ND,ND,ND,ND,ND,ND,ND,ND,ND,ND,37,1.1,3.6
LY-08,YUBA R A MARYSVILLE CA,11421500,12/11/2002,10:00,Environmental,ND,ND,ND,ND,ND,ND,ND,ND,ND,ND,ND,ND,ND,ND,ND,ND,ND,1.3,5.2
LY-11,WETLANDS POND NE OF S POND IN YUBA GOLDFIELDS,3.913E+14,7/17/2003,15:20,Environmental,ND,ND,ND,ND,<.04,E.06,0.18,<.05,<.008,0.05,E.004,<.02,0.021,0.9,1.6,0.9,34,0.85,3.6
LY-12,LARGE POND E OF BIG SEEP IN YUBA GOLDFIELDS,3.91304E+14,7/22/2003,11:40,Environmental,ND,ND,ND,ND,<.04,<.10,<.10,<.06,<.008,0.03,<.004,<.02,<.004,0.1,0.9,0.1,33,0.76,2.9
LY-13,LARGE POND W OF WETLANDS POND IN YUBA GOLDFIELDS,3.91258E+14,7/22/2003,13:10,Environmental,ND,ND,ND,ND,<.04,<.10,E.07,<.06,<.008,0.07,0.006,<.02,0.007,0.4,1.1,0.4,41,1.2,4.8
LY-14,BIG SEEP SECTION 27 IN YUBA GOLDFIELDS,3.91305E+14,7/17/2003,14:20,Environmental,ND,ND,ND,ND,<.04,<.10,<.10,<.05,<.008,<.02,<.004,<.02,E.003,<.1,0.9,<.12,32,0.74,2.9
LY-15,T POND OUTLET IN YUBA GOLDFIELDS NR HAMMONTON CA,3.9125E+14,7/17/2003,15:50,Environmental,ND,ND,ND,ND,<.04,<.10,E.05,<.05,<.008,<.02,<.004,<.02,0.004,<.1,1,<.12,34,0.79,3.1
LY-16,T POND IN YUBA GOLDFIELDS NR HAMMONTON CA,3.91259E+14,7/17/2003,13:00,Environmental,ND,ND,ND,ND,ND,ND,ND,ND,ND,ND,ND,ND,ND,ND,ND,ND,33,0.74,3
MY-01,M YUBA R BL MILTON DAM CA,11408550,10/28/2002,12:00,Environmental,ND,ND,ND,ND,ND,ND,ND,ND,ND,ND,ND,ND,ND,ND,ND,ND,17,0.32,0.75
MY-01,M YUBA R BL MILTON DAM CA,11408550,6/10/2003,10:30,Environmental,ND,ND,ND,ND,ND,ND,ND,ND,ND,ND,ND,ND,ND,ND,ND,ND,17,0.36,0.83
MY-02,M YUBA R NR ALLEGHANY CA,11408700,11/1/2002,12:20,Environmental,ND,ND,-11.9,-84.9,<.04,<.10,<.10,<.06,<.008,ND,<.004,<.02,0.006,ND,0.4,<.2,66,0.38,3.7
MY-03,M YUBA R NR CAMPTONVILLE CA,11408850,11/4/2002,12:50,Environmental,2.2,0.7,-11.6,-84.3,<.04,<.10,E.10,<.06,<.008,ND,E.003,<.02,E.003,ND,0.4,<.2,65,2.2,8.2
MY-03,M YUBA R NR CAMPTONVILLE CA,11408850,11/4/2002,12:51,Laboratory Replicate,ND,ND,ND,-84.5,ND,ND,ND,ND,ND,ND,ND,ND,ND,ND,ND,ND,ND,ND,ND
MY-04,M YUBA R NR NORTH SAN JUAN CA,11410000,6/20/2001,10:30,Environmental,ND,ND,ND,ND,ND,ND,ND,ND,ND,ND,ND,ND,ND,ND,ND,ND,55,ND,ND
MY-04,M YUBA R NR NORTH SAN JUAN CA,11410000,10/21/2002,13:00,Environmental,ND,ND,ND,ND,<.04,<.10,E.07,<.06,<.008,ND,E.002,<.02,0.004,ND,0.6,<.2,65,2.5,8.5
MY-05,CLEAR C NR NORTH SAN JUAN CA,3.92256E+14,4/28/2004,10:30,Environmental,ND,ND,ND,ND,<.04,E.06,0.1,<.06,<.008,<.02,0.007,<.02,0.008,<.1,1.9,<.12,E61,ND,ND
MY-06,SWEETLAND C AT SWEETLAND CA,3.92036E+14,4/27/2004,10:20,Environmental,ND,ND,ND,ND,<.04,0.12,E.09,0.22,<.008,<.02,0.005,<.02,0.008,<.1,2.2,<.12,E33,ND,ND
MY-07,M YUBA R AB COLGATE PH NR FRENCH CORRAL CA,3.9195E+14,10/25/2002,10:50,Environmental,ND,ND,ND,ND,<.04,E.06,E.08,<.06,<.008,ND,<.004,<.02,0.004,ND,0.6,<.2,62,3.2,10
SY-01,OMEGA EAST SHAFT (TUNNEL VENT SHAFT) NR WASHINGTON,3.92022E+14,4/30/1999,13:20,Environmental,0.9,1.9,-10.4,-74.4,0.03,<.10,<.10,<.05,<.010,ND,<.004,0.01,0.009,ND,0.7,<.2,11,ND,ND
SY-03,OMEGA SOUTH TUNNEL NR WASHINGTON CA,3.9202E+14,4/30/1999,12:30,Environmental,0.2,2.9,-10.6,-74.6,0.03,<.10,0.62,<.05,<.010,ND,<.004,0.01,0.007,ND,0.5,<.2,1,0.58,6.7
SY-04,OMEGA DR GULCH A SCOTCHMAN C NR WASHINGTON CA,3.92045E+14,6/8/1999,13:30,Environmental,ND,ND,ND,ND,<.02,E.06,E.05,<.05,<.010,ND,0.009,0.02,0.016,ND,0.7,<.2,ND,0.57,3.5
SY-05,SCOTCHMAN C AB OMEGA DR GULCH NR WASHINGTON CA,3.92042E+14,6/8/1999,14:30,Environmental,ND,ND,-10.7,-76.7,<.02,<.10,<.10,<.05,<.010,ND,0.006,0.01,0.007,ND,0.5,<.2,ND,0.88,1.8
SY-06,ALPHA MINE RED TUNNEL NR WASHINGTON,3.92023E+14,12/16/1999,11:20,Environmental,-1.6,-15.3,-8.7,-69,<.02,<.10,<.10,<.05,<.010,ND,E.003,<.01,E.007,ND,0.8,<.2,ND,ND,ND
SY-07,ALPHA MINE MAIN DRAINAGE N ALPHA DIG NR WASHINGTON,3.92108E+14,6/20/2000,13:30,Environmental,ND,ND,-10.8,-79.7,<.02,<.10,<.10,<.05,<.010,ND,0.009,<.01,0.016,ND,ND,ND,ND,ND,ND
SY-08,SCOTCHMAN C A THE FALLS NR WASHINGTON CA,3.92116E+14,7/29/2002,15:40,Environmental,ND,ND,ND,ND,<.04,<.10,<.10,<.05,<.008,ND,0.008,<.02,0.011,ND,0.5,0.3,23,0.7,4.5
SY-10,SCOTCHMAN C BL FALLS NR WASHINGTON CA,3.92119E+14,6/20/2000,14:00,Environmental,ND,ND,-10.9,-79.7,<.02,<.10,0.22,<.05,<.010,ND,0.008,<.01,0.01,ND,ND,ND,ND,ND,ND
SY-10,SCOTCHMAN C BL FALLS NR WASHINGTON CA,3.92119E+14,7/29/2002,14:30,Environmental,ND,ND,ND,ND,<.04,<.10,<.10,<.05,<.008,ND,0.007,<.02,0.008,ND,0.4,<.2,23,ND,ND
SY-11,ALPHA MINE PIT NR WASHINGTON CA,3.92015E+14,12/16/1999,10:30,Environmental,-3.2,-25.9,-10,-71.1,<.02,<.10,E.08,<.05,<.010,ND,<.006,<.01,0.063,ND,E1.0,0.4,1,ND,ND
SY-11,ALPHA MINE PIT NR WASHINGTON CA,3.92015E+14,12/16/1999,10:31,Laboratory Replicate,ND,ND,-9.9,ND,ND,ND,ND,ND,ND,ND,ND,ND,ND,ND,ND,ND,ND,ND,ND
SY-13,ALPHA MINE PIT LK NR WASHINGTON CA,3.92007E+14,8/23/2000,14:50,Environmental,ND,ND,-3.3,-59.4,<.02,0.17,0.29,<.05,<.010,ND,E.004,<.01,0.017,ND,5.3,0.3,ND,0.49,<0.2
SY-13,ALPHA MINE PIT LK NR WASHINGTON CA,3.92007E+14,7/29/2002,11:10,Environmental,ND,ND,ND,ND,<.04,0.16,0.3,<.05,<.008,ND,<.004,<.02,0.016,ND,5.2,2.3,ND,0.61,<0.2
SY-15,ANCHO ERIE DRAINAGE A POORMAN C NR WASHINGTON CA,3.92512E+14,7/31/2002,11:40,Environmental,-6.3,2.9,-11.7,-83.6,<.04,<.10,<.10,E.04,<.008,ND,0.007,<.02,0.008,ND,0.5,<.2,21,0.43,8.9
SY-15,ANCHO ERIE DRAINAGE A POORMAN C NR WASHINGTON CA,3.92512E+14,7/31/2002,14:00,Environmental,ND,ND,ND,ND,ND,ND,ND,ND,ND,ND,ND,ND,ND,ND,ND,ND,ND,0.43,9.1
SY-16,POORMAN C BL ANCHO ERIE MINE DRAIN NR WASHINGTON,3.92513E+14,7/31/2002,12:00,Environmental,-6.7,3,-11.7,-81.5,ND,ND,ND,ND,ND,ND,ND,ND,ND,ND,ND,ND,55,0.51,2.5
SY-17,GRIZZLY HILL TUNNEL OUTLET NR NORTH BLOOMFIELD CA,3.92014E+14,3/16/2003,11:30,Environmental,ND,ND,ND,ND,ND,ND,ND,ND,ND,ND,ND,ND,ND,ND,ND,ND,ND,0.75,5.2
SY-19,LE DU MINE TUNNEL DISCHARGE,3.92151E+14,2/5/2002,12:00,Environmental,-3.4,-20.4,-11.1,-78.6,ND,ND,ND,ND,ND,ND,ND,ND,ND,ND,ND,ND,ND,0.55,20
SY-19,LE DU MINE TUNNEL DISCHARGE,3.92151E+14,2/5/2002,12:01,Laboratory Replicate,ND,ND,-11,ND,ND,ND,ND,ND,ND,ND,ND,ND,ND,ND,ND,ND,ND,ND,ND
SY-20,CRYSTAL HILL MINE POND NR NORTH BLOOMFIELD CA,3.92159E+14,2/5/2002,15:00,Environmental,-5.2,-28.2,-12,-87.3,ND,ND,ND,ND,ND,ND,ND,ND,ND,ND,ND,ND,ND,0.47,14
SY-21,MALAKOFF DIGGINGS FLD GREEN SHAFT DISCH NR BLMFLD,3.92152E+14,4/28/1999,16:30,Environmental,6.6,-1.7,-10.4,-74.9,0.3,0.24,2.4,<.05,<.010,ND,<.004,0.01,5.25,ND,0.7,0.6,53,1.9,140
SY-21,MALAKOFF DIGGINGS FLD GREEN SHAFT DISCH NR BLMFLD,3.92152E+14,4/28/1999,16:31,Laboratory Replicate,ND,-1.9,ND,ND,ND,ND,ND,ND,ND,ND,ND,ND,ND,ND,ND,ND,ND,ND,ND
SY-22,MALAKOFF DIGGINGS FLOODED RED SHAFT NR N BLMFLD,3.92155E+14,4/28/1999,16:00,Environmental,2.3,-5.1,-10.5,-75.2,0.02,<.10,0.12,<.05,<.010,ND,<.004,0.01,0.03,ND,0.9,0.2,54,1.9,157
SY-22,MALAKOFF DIGGINGS FLOODED RED SHAFT NR N BLMFLD,3.92155E+14,4/28/1999,16:01,Laboratory Replicate,2.2,ND,ND,ND,ND,ND,ND,ND,ND,ND,ND,ND,ND,ND,ND,ND,ND,ND,ND
SY-22,MALAKOFF DIGGINGS FLOODED RED SHAFT NR N BLMFLD,3.92155E+14,12/1/1999,14:20,Environmental,2.5,-5.3,-10.5,-74.9,0.28,0.25,0.36,<.05,<.010,ND,<.006,<.01,0.55,ND,0.7,1.3,64,ND,ND
SY-23,MALAKOFF DIGGINGS HILLER TNNL DISCH N BLOOMFIELD,3.92204E+14,12/1/1999,12:20,Environmental,1.4,-3.4,-8.2,-55.3,<.02,0.27,0.43,<.05,<.010,ND,E.005,<.01,0.17,ND,ND,ND,23,ND,ND
SY-23,MALAKOFF DIGGINGS HILLER TNNL DISCH N BLOOMFIELD,3.92204E+14,12/1/1999,12:21,Laboratory Replicate,2.7,ND,ND,ND,ND,ND,ND,ND,ND,ND,ND,ND,ND,ND,ND,ND,ND,ND,ND
SY-24,MALAKOFF DIGGINGS POND NR NORTH BLOOMFIELD CA,3.92201E+14,12/1/1999,11:00,Environmental,ND,ND,-3.3,-39.9,ND,ND,ND,ND,ND,ND,ND,ND,ND,ND,ND,ND,3,ND,ND
SY-24,MALAKOFF DIGGINGS POND NR NORTH BLOOMFIELD CA,3.92201E+14,8/26/2002,11:00,Environmental,ND,ND,ND,ND,<.02,0.43,1,<.05,<.010,ND,0.012,<.01,0.066,ND,ND,ND,ND,ND,ND
SY-25,MALAKOFF DIGGINGS LK CITY TNNL DISCH NR N BLMFLD,3.92111E+14,7/7/1999,13:00,Environmental,-0.8,-4.3,-10.2,-70.9,<.02,E.08,0.12,<.05,<.010,ND,0.004,0.01,0.004,ND,ND,ND,53,1.2,9.4
SY-27,MALAKOFF DIGGINGS N BLMFLD TNNL DISCH NR N BLMFLD,3.92051E+14,7/7/1999,11:30,Environmental,3.2,-4.3,-10.4,-74.6,ND,ND,ND,ND,ND,ND,ND,ND,ND,ND,ND,ND,95,2,68
SY-27,MALAKOFF DIGGINGS N BLMFLD TNNL DISCH NR N BLMFLD,3.92051E+14,7/7/1999,11:31,Laboratory Replicate,ND,ND,-10.5,ND,ND,ND,ND,ND,ND,ND,ND,ND,ND,ND,ND,ND,ND,ND,ND
SY-29,RELIEF HILL DEEP BLUE TNNL OUTFLOW NR N BLOOMFIELD,3.92126E+14,5/20/1999,12:00,Environmental,-4.1,-7.4,-10.2,-72.8,0.03,0.1,0.11,<.05,<.010,ND,<.004,0.01,<.004,ND,0.8,<.2,ND,0.9,217
SY-30,RELIEF HILL HYDR PIT MINE DR TNNL NR N BLOOMFIELD,3.92111E+14,9/1/1999,12:00,Environmental,-2.7,-9.5,-7.8,-55.7,<.02,<.10,E.08,<.05,<.010,ND,<.004,<.01,<.004,ND,0.6,0.2,ND,ND,ND
SY-30,RELIEF HILL HYDR PIT MINE DR TNNL NR N BLOOMFIELD,3.92111E+14,7/30/2002,13:00,Environmental,-5.4,-9.3,-7.3,-62.5,<.04,<.10,E.08,0.06,<.008,ND,<.004,<.02,0.018,ND,0.4,0.3,ND,0.68,174
SY-32,RELIEF HILL POND NR RELIEF HILL CA,3.92119E+14,7/30/2002,11:00,Environmental,ND,ND,ND,ND,<.04,E.05,<.10,<.05,<.008,ND,<.004,<.02,0.006,ND,0.4,0.2,ND,0.73,112
SY-33,LITTLE ROCK C .05 MI BL BLUE TENT RD NR NEVADA CTY,3.91726E+14,7/8/2003,13:00,Environmental,ND,ND,ND,ND,ND,ND,ND,ND,ND,ND,ND,ND,ND,ND,ND,ND,31,ND,ND
SY-34,LITTLE ROCK C .1 MI BL BLUE TENT RD NR NEVADA CITY,3.91727E+14,7/8/2003,12:10,Environmental,ND,ND,ND,ND,ND,ND,ND,ND,ND,ND,ND,ND,ND,ND,ND,ND,33,ND,ND
SY-35,LITTLE ROCK C .2 MI BL BLUE TENT RD NR NEVADA CITY,3.91728E+14,7/8/2003,11:10,Environmental,ND,ND,ND,ND,ND,ND,ND,ND,ND,ND,ND,ND,ND,ND,ND,ND,32,ND,ND
SY-36,LITTLE ROCK C .9 MI BL BLUE TENT RD NR NEVADA CITY,3.91742E+14,7/12/2003,10:40,Environmental,ND,ND,ND,ND,ND,ND,ND,ND,ND,ND,ND,ND,ND,ND,ND,ND,39,1.6,1.5
SY-38,ROCK C AB LITTLE ROCK C NR NEVADA CITY CA,3.91756E+14,7/12/2003,12:30,Environmental,ND,ND,ND,ND,ND,ND,ND,ND,ND,ND,ND,ND,ND,ND,ND,ND,14,1.3,0.44
SY-39,ROCK C A ROCK C RD NR NEVADA CITY CA,3.9181E+14,7/10/2003,12:40,Environmental,ND,ND,ND,ND,ND,ND,ND,ND,ND,ND,ND,ND,ND,ND,ND,ND,18,1.4,0.54
SY-40,LAKE VERA ROCK C ARM NR NEVADA CITY CA,3.91803E+14,6/26/2003,15:00,Environmental,ND,ND,ND,ND,ND,ND,ND,ND,ND,ND,ND,ND,ND,ND,ND,ND,22,ND,ND
SY-41,LAKE VERA IN THALWEG NR DAM NR NEVADA CITY CA,3.91807E+14,6/26/2003,14:30,Environmental,ND,ND,ND,ND,ND,ND,ND,ND,ND,ND,ND,ND,ND,ND,ND,ND,19,1.5,0.48
SY-42,LAKE VERA S SHORE NR NEVADA CITY CA,3.91802E+14,6/26/2003,15:30,Environmental,ND,ND,ND,ND,ND,ND,ND,ND,ND,ND,ND,ND,ND,ND,ND,ND,19,1.5,0.46
SY-44,S YUBA R AB LANGS CROSSING NR EMIGRANT GAP CA,3.91911E+14,10/31/2002,10:20,Environmental,ND,ND,ND,ND,<.04,E.06,E.06,<.06,<.008,<.02,<.004,<.02,0.005,<.1,1.5,<.12,19,ND,ND
SY-44,S YUBA R AB LANGS CROSSING NR EMIGRANT GAP CA,3.91911E+14,6/11/2003,10:40,Environmental,ND,ND,ND,ND,<.04,<.10,E.05,<.06,<.008,ND,<.004,<.02,E.002,ND,0.7,<.2,10,1.1,0.72
SY-45,S YUBA R BL POORMAN C NR WASHINGTON CA,3.92119E+14,11/5/2002,14:10,Environmental,2.7,4.5,-11.5,-84.5,<.04,<.10,E.06,<.06,<.008,ND,E.002,<.02,<.004,ND,0.6,<.2,36,1.4,5.6
SY-45,S YUBA R BL POORMAN C NR WASHINGTON CA,3.92119E+14,11/5/2002,14:11,Laboratory Replicate,ND,ND,ND,-85.2,ND,ND,ND,ND,ND,ND,ND,ND,ND,ND,ND,ND,ND,ND,ND
SY-46,S YUBA R A MISSOURI BAR NR NEVADA CITY CA,3.92025E+14,10/29/2002,11:00,Environmental,ND,ND,ND,ND,<.04,<.10,<.10,<.06,<.008,ND,<.004,<.02,0.004,ND,0.5,<.2,37,ND,ND
SY-47,S YUBA R A EDWARDS CROSSING NR NEVADA CITY CA,3.91949E+14,1/28/2000,11:00,Environmental,ND,ND,-12.5,-91.5,<.02,<.10,<.10,<.05,<.010,ND,<.006,<.01,E.005,ND,1.4,<.2,28,ND,ND
SY-48,S YUBA R AB PURDON CROSSING NR NEVADA CITY CA,3.91938E+14,10/21/2002,11:00,Environmental,ND,ND,ND,ND,<.04,<.10,E.05,<.06,<.008,ND,<.004,<.02,<.004,ND,0.7,<.2,40,1.7,7.6
SY-50,S YUBA R A BRIDGEPORT CA,3.91734E+14,10/23/2002,13:50,Environmental,ND,ND,ND,ND,<.04,<.10,<.10,<.06,<.008,ND,E.002,<.02,E.002,ND,0.6,<.2,41,ND,ND
SY-52,BLUE HOLE LK A SAILOR FLAT MINE NR NEVADA CITY CA,3.91937E+14,8/24/1999,11:00,Environmental,-1.5,3.1,-3.6,-44.1,<.02,E.06,<.10,<.05,<.010,ND,<.004,<.01,<.004,ND,0.3,0.2,ND,ND,ND
SY-52,BLUE HOLE LK A SAILOR FLAT MINE NR NEVADA CITY CA,3.91937E+14,8/21/2002,14:30,Environmental,ND,ND,ND,ND,ND,ND,ND,ND,ND,ND,ND,ND,ND,ND,ND,ND,ND,0.93,101
SY-54,SHADY C NR NORTH SAN JUAN CA,3.91922E+14,2/26/2004,14:40,Environmental,ND,ND,ND,ND,<.04,0.17,0.26,0.09,E.005,0.07,0.007,<.02,0.059,0.7,4.1,0.8,19,1.4,1.3
SY-56,BIRCHVILLE POND NR FRENCH CORRAL CA,3.91937E+14,2/5/2002,16:30,Environmental,ND,ND,ND,ND,ND,ND,ND,ND,ND,ND,ND,ND,ND,ND,ND,ND,ND,2.3,0.04
SY-57,FRENCH CORRAL C NR BRIDGEPORT CA,3.91744E+14,4/29/2004,12:30,Environmental,ND,ND,ND,ND,<.04,<.10,E.05,<.06,<.008,<.02,0.005,<.02,0.005,<.1,1.3,<.12,70,ND,ND
SY-58,KENTUCKY RAVINE NR FRENCH CORRAL CA,3.91726E+14,4/29/2004,13:50,Environmental,ND,ND,ND,ND,<.04,E.09,0.12,0.34,<.008,<.02,0.015,<.02,0.015,0.1,1.8,0.1,109,ND,ND
TR-01,EF TRINITY R A HORSE HEAVEN MDW NR MT SHASTA CA,4.10928E+14,6/5/2001,12:15,Environmental,ND,ND,ND,ND,<.04,0.11,0.14,<.05,<.006,ND,E.004,<.02,0.006,ND,ND,ND,14,1.3,0.67
TR-01,EF TRINITY R A HORSE HEAVEN MDW NR MT SHASTA CA,4.10928E+14,8/13/2002,12:30,Environmental,ND,ND,ND,ND,<.04,E.07,E.09,<.05,<.008,ND,E.002,<.02,0.004,ND,1.2,<.2,39,0.37,2.3
TR-02,TAMARACK C A EF TRINITY R NR MT SHASTA CA,4.10916E+14,6/5/2001,13:00,Environmental,ND,ND,ND,ND,<.04,<.10,<.08,<.05,<.006,ND,<.006,<.02,<.004,ND,0.9,<.2,22,0.14,1
TR-02,TAMARACK C A EF TRINITY R NR MT SHASTA CA,4.10916E+14,8/13/2002,13:00,Environmental,ND,ND,ND,ND,<.04,<.10,E.05,<.05,<.008,ND,<.004,<.02,E.002,ND,0.6,<.2,52,0.22,2.7
TR-03,CROW C AB CONFLUENCE OF EF TRINITY R NR TRINITY CE,4.1074E+14,6/5/2001,14:00,Environmental,ND,ND,ND,ND,<.04,<.10,E.04,0.06,<.006,ND,<.006,<.02,<.004,ND,1.1,<.2,81,7.8,2.6
TR-03,CROW C AB CONFLUENCE OF EF TRINITY R NR TRINITY CE,4.1074E+14,8/13/2002,11:00,Environmental,ND,ND,ND,ND,<.04,<.10,E.06,0.12,<.008,ND,E.002,<.02,E.003,ND,0.9,<.2,148,0.63,2.2
TR-05,ALTOONA MINE DR A EF TRINITY R NR TRINITY CENTER,4.10734E+14,6/5/2001,15:00,Environmental,3.4,5.6,ND,ND,<.04,E.09,0.17,0.33,0.009,ND,E.005,<.02,0.009,ND,1.6,ND,ND,ND,ND
TR-05,ALTOONA MINE DR A EF TRINITY R NR TRINITY CENTER,4.10734E+14,6/5/2001,15:01,Laboratory Replicate,ND,5.6,ND,ND,ND,ND,ND,ND,ND,ND,ND,ND,ND,ND,ND,ND,ND,ND,ND
TR-05,ALTOONA MINE DR A EF TRINITY R NR TRINITY CENTER,4.10734E+14,8/13/2002,14:00,Environmental,4.3,5.7,-11.4,-89,<.04,0.15,0.17,0.54,0.01,ND,E.004,<.02,0.006,ND,2,<.2,701,ND,ND
TR-05,ALTOONA MINE DR A EF TRINITY R NR TRINITY CENTER,4.10734E+14,8/13/2002,14:01,Laboratory Replicate,ND,5.6,ND,ND,ND,ND,ND,ND,ND,ND,ND,ND,ND,ND,ND,ND,ND,ND,ND
TR-06,EF TRINITY R BL ALTOONA MINE DR NR TRINITY CENTER,4.10731E+14,6/5/2001,15:30,Environmental,ND,ND,ND,ND,<.04,<.10,<.08,E.04,<.006,ND,<.006,<.02,E.003,ND,ND,ND,49,3.5,2
TR-06,EF TRINITY R BL ALTOONA MINE DR NR TRINITY CENTER,4.10731E+14,8/13/2002,10:30,Environmental,9.2,17.6,-12.2,-89.1,<.04,E.06,E.07,0.2,<.008,ND,<.004,<.02,<.004,ND,1.7,<.2,177,ND,ND
TR-06,EF TRINITY R BL ALTOONA MINE DR NR TRINITY CENTER,4.10731E+14,8/13/2002,10:31,Laboratory Replicate,9.4,ND,ND,-88.8,ND,ND,ND,ND,ND,ND,ND,ND,ND,ND,ND,ND,ND,ND,ND
TR-08,EF TRINITY R 1.2 MI BL DEVILS C NR TRINITY CENTER,4.10259E+14,6/5/2001,18:30,Environmental,ND,ND,ND,ND,<.04,<.10,<.08,E.03,<.006,ND,<.006,<.02,<.004,ND,ND,ND,54,4.6,1.4
TR-08,EF TRINITY R 1.2 MI BL DEVILS C NR TRINITY CENTER,4.10259E+14,8/12/2002,13:00,Environmental,ND,ND,ND,ND,<.04,<.10,<.10,0.05,<.008,ND,<.004,<.02,E.002,ND,ND,ND,103,16,4.1
TR-09,EF TRINITY R BL COUNTY RD 106 NR TRINITY CENTER CA,4.10031E+14,6/5/2001,17:30,Environmental,ND,ND,ND,ND,<.04,<.10,<.08,E.04,<.006,ND,<.006,<.02,E.003,ND,ND,ND,56,ND,ND
TR-09,EF TRINITY R BL COUNTY RD 106 NR TRINITY CENTER CA,4.10031E+14,8/12/2002,10:00,Environmental,ND,ND,ND,ND,<.04,E.06,E.05,E.03,<.008,ND,E.003,<.02,E.003,ND,0.8,<.2,92,18,3.3
TR-11,TRINITY R A BIG FLAT DAY USE AREA NR BIG BAR CA,4.04427E+14,8/27/2002,14:20,Environmental,ND,ND,ND,ND,<.04,<.10,E.08,<.05,<.008,ND,E.004,<.02,0.006,ND,1.2,<.2,48,6.1,3
TR-12,TRINITY R A HAYDEN FLAT NR BIG BAR CA,4.04656E+14,8/27/2002,9:30,Environmental,ND,ND,ND,ND,ND,ND,ND,ND,ND,ND,ND,ND,ND,ND,ND,ND,ND,3.4,2.5
TR-13,CANYON C BL CONRAD GULCH NR JUNCTION CITY CA,4.04723E+14,8/27/2002,16:00,Environmental,ND,ND,ND,ND,<.04,<.10,E.06,<.05,<.008,ND,E.002,<.02,0.005,ND,0.6,<.2,ND,ND,ND
TR-14,EF OF NF TRINITY R .53 MI AB BARNEY GULCH,4.0494E+14,8/27/2002,12:00,Environmental,-0.9,-1.3,-11.3,-83.7,ND,ND,ND,ND,ND,ND,ND,ND,ND,ND,ND,ND,71,0.31,7.8
TR-15,NEW R A DENNY CAMPGROUND NR DENNY CA,4.05557E+14,8/26/2002,15:20,Environmental,5.2,-1.9,-10.9,-77.5,<.04,<.10,E.07,<.05,<.008,ND,0.005,<.02,0.006,ND,0.7,<.2,93,2.1,7.5
BR-75,POLAR STAR MINE PIT SUMP NR DUTCH FLAT CA,3.91245E+14,8/3/2000,13:40,Environmental Disturbed,ND,ND,ND,ND,ND,ND,ND,ND,ND,ND,ND,ND,ND,ND,ND,ND,88,ND,ND
